text,sentiment
"Overall, I was really disappointed with this course, wouldn't buy again.",negative
"Honestly, Everything felt cheap and rushed, deeply disappointing given the price.",negative
"In my opinion, Awful experience, the game didn't work as advertised at all.",negative
"In my opinion, Fell short in every way imaginable, wouldn't wish this on anyone.",negative
"Overall, Average at best, wouldn't go out of my way to try it again soon.",neutral
"The show works as described, no complaints but no praise either.",neutral
"Overall, Somewhere in the middle for me, has its ups and downs like most things.",neutral
"I'm thrilled with how this turned out, couldn't ask for more honestly.",positive
"Overall, Completely underwhelmed, the whole thing felt rushed and cheaply put together.",negative
"Completely underwhelmed, the whole thing felt rushed and cheaply put together.",negative
"Overall, What a fantastic restaurant, it just works and works well.",positive
"Overall, Somewhere in the middle for me, has its ups and downs like most things.",neutral
"In my opinion, Completely underwhelmed, the whole thing felt rushed and cheaply put together.",negative
"Overall, Broke down almost right away and nobody seemed to care about fixing it.",negative
"Overall, Somewhere in the middle for me, has its ups and downs like most things.",neutral
"Honestly, It's fine for casual use, though I wouldn't call it exceptional by any means.",neutral
"In my opinion, This vacation was fantastic from start to finish.",positive
"In my opinion, This phone fell apart within a week, total waste of money.",negative
"Honestly, Left feeling annoyed and cheated, definitely steering clear from now on.",negative
"In my opinion, Awful experience, the phone didn't work as advertised at all.",negative
"In my opinion, This was a joy to use from the very first minute, highly recommend.",positive
"To be fair, Best purchase I've made in ages, I use it every single day now.",positive
"To be fair, Terrible game, I regret ever purchasing it.",negative
"To be fair, The show broke almost immediately, very frustrating.",negative
"To be fair, Everything went wrong from the start, honestly regret the whole thing.",negative
"To be fair, Honestly one of the best restaurants I've come across in a long time.",positive
"To be fair, Would not recommend this service to anyone, complete letdown.",negative
"In my opinion, Would not recommend this show to anyone, complete letdown.",negative
"To be fair, Honestly one of the best phones I've come across in a long time.",positive
"I want my money back, this was a total disaster from beginning to end.",negative
"In my opinion, It does the job, though I probably wouldn't go out of my way for it again.",neutral
"Overall, The course arrived on time, packaging was standard.",neutral
"Overall, Left feeling annoyed and cheated, definitely steering clear from now on.",negative
"In my opinion, I'm thrilled with how this turned out, couldn't ask for more honestly.",positive
"To be fair, Would not recommend this delivery to anyone, complete letdown.",negative
"Overall, Completely underwhelmed, the whole thing felt rushed and cheaply put together.",negative
"Everything went wrong from the start, honestly regret the whole thing.",negative
"Reasonable for what it is, though there's plenty of room to improve.",neutral
"To be fair, It's an average camera, does the job but nothing exciting.",neutral
Broke down almost right away and nobody seemed to care about fixing it.,negative
"So glad I gave this a shot, it made everything so much easier.",positive
"Overall, This was a joy to use from the very first minute, highly recommend.",positive
"To be fair, Five stars, the vacation was excellent and delivered on its promise.",positive
"Honestly, I was really disappointed with this hotel, wouldn't buy again.",negative
"In my opinion, Everything about this exceeded what I was hoping for, no complaints at all.",positive
"In my opinion, This movie fell apart within a week, total waste of money.",negative
"Overall, Such a pleasant experience with this laptop, I'm coming back for more.",positive
"In my opinion, It arrived as expected, works fine, just didn't leave much of an impression.",neutral
"In my opinion, The album blew me away, everything about it felt top notch.",positive
"To be fair, Honestly one of the best movies I've come across in a long time.",positive
"Honestly, The camera arrived on time, packaging was standard.",neutral
"To be fair, Nothing worked the way it should have, I ended up frustrated the whole time.",negative
"Terrible show, I regret ever purchasing it.",negative
"To be fair, Such a pleasant experience with this game, I'm coming back for more.",positive
"Honestly, Reasonable for what it is, though there's plenty of room to improve.",neutral
"In my opinion, This restaurant fell apart within a week, total waste of money.",negative
"Overall, Brilliant from beginning to end, one of my favorite experiences this year.",positive
"To be fair, Broke down almost right away and nobody seemed to care about fixing it.",negative
"In my opinion, The camera blew me away, everything about it felt top notch.",positive
"In my opinion, I'm thrilled with how this turned out, couldn't ask for more honestly.",positive
"I was really disappointed with this meal, wouldn't buy again.",negative
"Honestly, Not bad, not great - the game is just fine for the price.",neutral
"Overall, The vacation works as described, no complaints but no praise either.",neutral
"The app was okay, nothing more nothing less.",neutral
"Honestly, Middle of the road show, I have mixed feelings about it.",neutral
"Honestly, Left feeling annoyed and cheated, definitely steering clear from now on.",negative
"Not worth the price, the phone is poorly made.",negative
"To be fair, A mixed bag honestly, some things worked well and others didn't.",neutral
"Honestly, The game blew me away, everything about it felt top notch.",positive
"Pretty standard experience overall, nothing that really stood out either way.",neutral
"In my opinion, The album does what it's supposed to, nothing stood out.",neutral
"Such a pleasant experience with this movie, I'm coming back for more.",positive
"Honestly, Went above and beyond what I expected, genuinely happy with how this went.",positive
Honestly one of the best phones I've come across in a long time.,positive
"Overall, Honestly one of the best shows I've come across in a long time.",positive
"Overall, It arrived as expected, works fine, just didn't leave much of an impression.",neutral
"In my opinion, It's an average product, does the job but nothing exciting.",neutral
"Overall, The show broke almost immediately, very frustrating.",negative
"To be fair, Went above and beyond what I expected, genuinely happy with how this went.",positive
"To be fair, One star, the movie simply doesn't do what it claims.",negative
"To be fair, Not bad, not great - the album is just fine for the price.",neutral
"Got the job done without any drama, but nothing to write home about.",neutral
"To be fair, The app works as described, no complaints but no praise either.",neutral
"Honestly, Superb quality, the software felt carefully made and thoughtful.",positive
"Overall, Really happy I took the chance on this, exceeded all my expectations.",positive
"Honestly, It's an average laptop, does the job but nothing exciting.",neutral
"Overall, This was a joy to use from the very first minute, highly recommend.",positive
"In my opinion, A mixed bag honestly, some things worked well and others didn't.",neutral
"Honestly, Nothing worked the way it should have, I ended up frustrated the whole time.",negative
"Honestly, Pretty standard experience overall, nothing that really stood out either way.",neutral
"In my opinion, This made my week, everything felt smooth and well thought out.",positive
"In my opinion, Couldn't have asked for a better experience, staff and quality were amazing.",positive
"Overall, Not bad, not great - the delivery is just fine for the price.",neutral
This phone was fantastic from start to finish.,positive
"In my opinion, Left feeling annoyed and cheated, definitely steering clear from now on.",negative
"Honestly, I'm thrilled with how this turned out, couldn't ask for more honestly.",positive
"Overall, Brilliant from beginning to end, one of my favorite experiences this year.",positive
"Ended up loving every bit of this, will definitely be back for more.",positive
"Honestly, Middle of the road hotel, I have mixed feelings about it.",neutral
"Honestly, The movie does what it's supposed to, nothing stood out.",neutral
"Overall, Some parts were good, some were a bit lacking, evens out overall.",neutral
"Overall, Everything about this exceeded what I was hoping for, no complaints at all.",positive
"In my opinion, This laptop fell apart within a week, total waste of money.",negative
"Honestly, Five stars, the headphones was excellent and delivered on its promise.",positive
"Honestly, Terrible software, I regret ever purchasing it.",negative
"Overall, Great software, would recommend to anyone without hesitation.",positive
"In my opinion, Pretty standard experience overall, nothing that really stood out either way.",neutral
"To be fair, Really impressed with this album, worth every penny.",positive
"Overall, The album is functional but there's nothing memorable about it.",neutral
"Honestly, It does the job, though I probably wouldn't go out of my way for it again.",neutral
"I'm thrilled with how this turned out, couldn't ask for more honestly.",positive
"In my opinion, Everything about this exceeded what I was hoping for, no complaints at all.",positive
"Honestly, Honestly one of the best phones I've come across in a long time.",positive
"Nothing worked the way it should have, I ended up frustrated the whole time.",negative
"Really impressed with this phone, worth every penny.",positive
"To be fair, The hotel does what it's supposed to, nothing stood out.",neutral
"Honestly, Pretty standard experience overall, nothing that really stood out either way.",neutral
"Honestly, Average at best, wouldn't go out of my way to try it again soon.",neutral
"Overall, I absolutely loved this service, it exceeded every expectation.",positive
"In my opinion, It's an average phone, does the job but nothing exciting.",neutral
"Overall, Would not recommend this service to anyone, complete letdown.",negative
"Overall, It's fine for casual use, though I wouldn't call it exceptional by any means.",neutral
"To be fair, The phone arrived on time, packaging was standard.",neutral
"To be fair, Average at best, wouldn't go out of my way to try it again soon.",neutral
"Honestly, I had high hopes but the show let me down badly.",negative
"In my opinion, Not worth the price, the meal is poorly made.",negative
"Honestly, It's fine for casual use, though I wouldn't call it exceptional by any means.",neutral
"To be fair, This restaurant fell apart within a week, total waste of money.",negative
"Overall, It arrived as expected, works fine, just didn't leave much of an impression.",neutral
"To be fair, Not bad, not great - the software is just fine for the price.",neutral
"In my opinion, This made my week, everything felt smooth and well thought out.",positive
"Fell short in every way imaginable, wouldn't wish this on anyone.",negative
"To be fair, The headphones arrived on time, packaging was standard.",neutral
"Great headphones, would recommend to anyone without hesitation.",positive
I can't stop recommending this meal to friends and family.,positive
"To be fair, The delivery arrived on time, packaging was standard.",neutral
"To be fair, The game broke almost immediately, very frustrating.",negative
"It does the job, though I probably wouldn't go out of my way for it again.",neutral
"Left feeling annoyed and cheated, definitely steering clear from now on.",negative
"Honestly, Waste of time and money, this vacation was a huge disappointment.",negative
"In my opinion, The movie is functional but there's nothing memorable about it.",neutral
"Honestly, Pretty standard experience overall, nothing that really stood out either way.",neutral
"Not bad, not great - the app is just fine for the price.",neutral
"Painfully slow and clunky, honestly a headache to deal with.",negative
"Awful experience, the meal didn't work as advertised at all.",negative
"Overall, Poor quality control, the product arrived damaged and unusable.",negative
"In my opinion, The phone works as described, no complaints but no praise either.",neutral
"Overall, Completely underwhelmed, the whole thing felt rushed and cheaply put together.",negative
"Fell short in every way imaginable, wouldn't wish this on anyone.",negative
"Overall, The laptop was okay, nothing more nothing less.",neutral
"In my opinion, Everything felt cheap and rushed, deeply disappointing given the price.",negative
"In my opinion, It's a fairly ordinary delivery, similar to others in this category.",neutral
"Nothing worked the way it should have, I ended up frustrated the whole time.",negative
"In my opinion, It does the job, though I probably wouldn't go out of my way for it again.",neutral
"Not worth the price, the app is poorly made.",negative
"To be fair, Great course, would recommend to anyone without hesitation.",positive
"In my opinion, I'm thrilled with how this turned out, couldn't ask for more honestly.",positive
"Honestly, I was really disappointed with this laptop, wouldn't buy again.",negative
"Some parts were good, some were a bit lacking, evens out overall.",neutral
"The product arrived on time, packaging was standard.",neutral
"Honestly, Really happy I took the chance on this, exceeded all my expectations.",positive
"Ended up loving every bit of this, will definitely be back for more.",positive
"To be fair, It's a fairly ordinary game, similar to others in this category.",neutral
"Honestly, Never again, this was hands down one of my worst experiences this year.",negative
"The show blew me away, everything about it felt top notch.",positive
"In my opinion, The product was mediocre at best, nothing special about it.",negative
"Overall, Fell short in every way imaginable, wouldn't wish this on anyone.",negative
"The course works as described, no complaints but no praise either.",neutral
"To be fair, A mixed bag honestly, some things worked well and others didn't.",neutral
"Honestly, Best purchase I've made in ages, I use it every single day now.",positive
"To be fair, Awful experience, the headphones didn't work as advertised at all.",negative
"In my opinion, It does the job, though I probably wouldn't go out of my way for it again.",neutral
"To be fair, Five stars, the gadget was excellent and delivered on its promise.",positive
"This product fell apart within a week, total waste of money.",negative
"To be fair, Such a letdown, expected way more and got almost nothing in return.",negative
"Overall, Couldn't have asked for a better experience, staff and quality were amazing.",positive
"In my opinion, Some parts were good, some were a bit lacking, evens out overall.",neutral
"Fell short in every way imaginable, wouldn't wish this on anyone.",negative
"In my opinion, This restaurant made my day, genuinely wonderful.",positive
"To be fair, Nothing worked the way it should have, I ended up frustrated the whole time.",negative
"Honestly, Great hotel, would recommend to anyone without hesitation.",positive
"Honestly, So glad I gave this a shot, it made everything so much easier.",positive
Honestly one of the best phones I've come across in a long time.,positive
"To be fair, It's a fairly ordinary movie, similar to others in this category.",neutral
"Overall, Honestly one of the best gadgets I've come across in a long time.",positive
"In my opinion, Such a pleasant experience with this product, I'm coming back for more.",positive
"The product was okay, nothing more nothing less.",neutral
"Overall, Can't believe how good this turned out, best decision I made all week.",positive
"In my opinion, Got the job done without any drama, but nothing to write home about.",neutral
"In my opinion, Great course, would recommend to anyone without hesitation.",positive
"Fell short in every way imaginable, wouldn't wish this on anyone.",negative
"Honestly, The product works as described, no complaints but no praise either.",neutral
"To be fair, Really happy I took the chance on this, exceeded all my expectations.",positive
The show is functional but there's nothing memorable about it.,neutral
"In my opinion, Middle of the road restaurant, I have mixed feelings about it.",neutral
"In my opinion, Not bad, not great - the restaurant is just fine for the price.",neutral
"Honestly, It does the job, though I probably wouldn't go out of my way for it again.",neutral
"To be fair, Broke down almost right away and nobody seemed to care about fixing it.",negative
"Overall, Five stars, the product was excellent and delivered on its promise.",positive
"Overall, Everything about this exceeded what I was hoping for, no complaints at all.",positive
"To be fair, It arrived as expected, works fine, just didn't leave much of an impression.",neutral
"Honestly, It's an average album, does the job but nothing exciting.",neutral
"Overall, What a fantastic laptop, it just works and works well.",positive
"To be fair, One star, the service simply doesn't do what it claims.",negative
"Overall, Everything went wrong from the start, honestly regret the whole thing.",negative
"Honestly, Superb quality, the restaurant felt carefully made and thoughtful.",positive
"Honestly, Couldn't have asked for a better experience, staff and quality were amazing.",positive
"Overall, Fell short in every way imaginable, wouldn't wish this on anyone.",negative
"Overall, I'm thrilled with how this turned out, couldn't ask for more honestly.",positive
"Really impressed with this movie, worth every penny.",positive
"In my opinion, Neither impressed nor disappointed by this headphones.",neutral
"To be fair, Would not recommend this app to anyone, complete letdown.",negative
"Overall, Broke down almost right away and nobody seemed to care about fixing it.",negative
"Honestly, It's an average meal, does the job but nothing exciting.",neutral
"To be fair, Pretty standard experience overall, nothing that really stood out either way.",neutral
"In my opinion, It does the job, though I probably wouldn't go out of my way for it again.",neutral
"In my opinion, It's an average course, does the job but nothing exciting.",neutral
"In my opinion, Such a letdown, expected way more and got almost nothing in return.",negative
This gadget was fantastic from start to finish.,positive
"Overall, Got the job done without any drama, but nothing to write home about.",neutral
"This made my week, everything felt smooth and well thought out.",positive
"Overall, What a fantastic hotel, it just works and works well.",positive
"Honestly, It's an average game, does the job but nothing exciting.",neutral
"Honestly, Left feeling annoyed and cheated, definitely steering clear from now on.",negative
"Waste of time and money, this gadget was a huge disappointment.",negative
"In my opinion, Nothing worked the way it should have, I ended up frustrated the whole time.",negative
"Left feeling annoyed and cheated, definitely steering clear from now on.",negative
"To be fair, Reasonable for what it is, though there's plenty of room to improve.",neutral
"The gadget broke almost immediately, very frustrating.",negative
"Overall, Everything about this exceeded what I was hoping for, no complaints at all.",positive
"Would not recommend this movie to anyone, complete letdown.",negative
"To be fair, A mixed bag honestly, some things worked well and others didn't.",neutral
"Honestly, It does the job, though I probably wouldn't go out of my way for it again.",neutral
"To be fair, It arrived as expected, works fine, just didn't leave much of an impression.",neutral
"Such a pleasant experience with this gadget, I'm coming back for more.",positive
"Painfully slow and clunky, honestly a headache to deal with.",negative
"To be fair, Not bad, not great - the book is just fine for the price.",neutral
"Overall, Somewhere in the middle for me, has its ups and downs like most things.",neutral
"Honestly, Reasonable for what it is, though there's plenty of room to improve.",neutral
"Overall, Not bad, not great - the restaurant is just fine for the price.",neutral
"To be fair, The gadget was mediocre at best, nothing special about it.",negative
"To be fair, Really happy I took the chance on this, exceeded all my expectations.",positive
"Honestly, Everything felt cheap and rushed, deeply disappointing given the price.",negative
"Overall, Reasonable for what it is, though there's plenty of room to improve.",neutral
"Overall, Superb quality, the headphones felt carefully made and thoughtful.",positive
"Overall, It's a fairly ordinary album, similar to others in this category.",neutral
Broke down almost right away and nobody seemed to care about fixing it.,negative
"Fell short in every way imaginable, wouldn't wish this on anyone.",negative
"Really happy I took the chance on this, exceeded all my expectations.",positive
"Overall, The phone was mediocre at best, nothing special about it.",negative
"Honestly, Everything about this exceeded what I was hoping for, no complaints at all.",positive
"Honestly, Painfully slow and clunky, honestly a headache to deal with.",negative
"To be fair, Neither impressed nor disappointed by this app.",neutral
"Really happy I took the chance on this, exceeded all my expectations.",positive
"In my opinion, Got the job done without any drama, but nothing to write home about.",neutral
"I'm thrilled with how this turned out, couldn't ask for more honestly.",positive
"Honestly, Such a pleasant experience with this laptop, I'm coming back for more.",positive
"Honestly, What a fantastic show, it just works and works well.",positive
"In my opinion, Nothing worked the way it should have, I ended up frustrated the whole time.",negative
"Honestly, The meal was mediocre at best, nothing special about it.",negative
"In my opinion, I had high hopes but the software let me down badly.",negative
"Great course, would recommend to anyone without hesitation.",positive
"Left feeling annoyed and cheated, definitely steering clear from now on.",negative
"In my opinion, Great vacation, would recommend to anyone without hesitation.",positive
"Honestly, Five stars, the movie was excellent and delivered on its promise.",positive
"In my opinion, Awful experience, the game didn't work as advertised at all.",negative
"Honestly, This was a joy to use from the very first minute, highly recommend.",positive
"In my opinion, The book works as described, no complaints but no praise either.",neutral
"Completely underwhelmed, the whole thing felt rushed and cheaply put together.",negative
"To be fair, It's an average phone, does the job but nothing exciting.",neutral
"In my opinion, It does the job, though I probably wouldn't go out of my way for it again.",neutral
"Honestly, It's an average course, does the job but nothing exciting.",neutral
"Poor quality control, the meal arrived damaged and unusable.",negative
"Overall, Great camera, would recommend to anyone without hesitation.",positive
"In my opinion, The meal broke almost immediately, very frustrating.",negative
"Honestly, This meal fell apart within a week, total waste of money.",negative
"Overall, Honestly one of the best cameras I've come across in a long time.",positive
"Went above and beyond what I expected, genuinely happy with how this went.",positive
"Honestly, Average at best, wouldn't go out of my way to try it again soon.",neutral
"In my opinion, Awful experience, the movie didn't work as advertised at all.",negative
"Honestly, Went above and beyond what I expected, genuinely happy with how this went.",positive
"Honestly, I want my money back, this was a total disaster from beginning to end.",negative
"To be fair, The delivery does what it's supposed to, nothing stood out.",neutral
"Honestly, Neither impressed nor disappointed by this camera.",neutral
"In my opinion, This was a joy to use from the very first minute, highly recommend.",positive
"To be fair, Ended up loving every bit of this, will definitely be back for more.",positive
"To be fair, Not bad, not great - the album is just fine for the price.",neutral
"Average at best, wouldn't go out of my way to try it again soon.",neutral
"In my opinion, So glad I gave this a shot, it made everything so much easier.",positive
"Overall, It arrived as expected, works fine, just didn't leave much of an impression.",neutral
"To be fair, The movie is functional but there's nothing memorable about it.",neutral
"In my opinion, The phone was okay, nothing more nothing less.",neutral
"Overall, Great camera, would recommend to anyone without hesitation.",positive
"Honestly, Terrible software, I regret ever purchasing it.",negative
"To be fair, I'm thrilled with how this turned out, couldn't ask for more honestly.",positive
"Pretty standard experience overall, nothing that really stood out either way.",neutral
"In my opinion, Neither impressed nor disappointed by this course.",neutral
"Overall, Not worth the price, the software is poorly made.",negative
"Overall, Some parts were good, some were a bit lacking, evens out overall.",neutral
"To be fair, I had high hopes but the laptop let me down badly.",negative
"Honestly, Neither impressed nor disappointed by this phone.",neutral
"It's an average hotel, does the job but nothing exciting.",neutral
"Honestly, Great book, would recommend to anyone without hesitation.",positive
"To be fair, The course broke almost immediately, very frustrating.",negative
"Honestly, A mixed bag honestly, some things worked well and others didn't.",neutral
"In my opinion, Really impressed with this course, worth every penny.",positive
"In my opinion, Pretty standard experience overall, nothing that really stood out either way.",neutral
"To be fair, Some parts were good, some were a bit lacking, evens out overall.",neutral
"Honestly, The restaurant was mediocre at best, nothing special about it.",negative
"To be fair, Would not recommend this course to anyone, complete letdown.",negative
"In my opinion, Middle of the road show, I have mixed feelings about it.",neutral
Honestly one of the best games I've come across in a long time.,positive
"Honestly, This laptop was fantastic from start to finish.",positive
"To be fair, Kept having issue after issue, support was no help whatsoever either.",negative
"Honestly, Everything went wrong from the start, honestly regret the whole thing.",negative
"To be fair, It's fine for casual use, though I wouldn't call it exceptional by any means.",neutral
"Honestly, Kept having issue after issue, support was no help whatsoever either.",negative
"In my opinion, I absolutely loved this software, it exceeded every expectation.",positive
"To be fair, The headphones arrived on time, packaging was standard.",neutral
"In my opinion, The app works as described, no complaints but no praise either.",neutral
"Honestly, I can't stop recommending this hotel to friends and family.",positive
"To be fair, The vacation is functional but there's nothing memorable about it.",neutral
"Honestly, The course was mediocre at best, nothing special about it.",negative
"To be fair, Poor quality control, the delivery arrived damaged and unusable.",negative
"In my opinion, Went above and beyond what I expected, genuinely happy with how this went.",positive
"Honestly, It arrived as expected, works fine, just didn't leave much of an impression.",neutral
"Overall, This app made my day, genuinely wonderful.",positive
"Honestly, The hotel blew me away, everything about it felt top notch.",positive
"Ended up loving every bit of this, will definitely be back for more.",positive
"In my opinion, Poor quality control, the software arrived damaged and unusable.",negative
"In my opinion, Never again, this was hands down one of my worst experiences this year.",negative
"In my opinion, What a fantastic hotel, it just works and works well.",positive
"Honestly, Left feeling annoyed and cheated, definitely steering clear from now on.",negative
"Five stars, the laptop was excellent and delivered on its promise.",positive
"Honestly, Some parts were good, some were a bit lacking, evens out overall.",neutral
"Honestly, Somewhere in the middle for me, has its ups and downs like most things.",neutral
"Overall, I had high hopes but the movie let me down badly.",negative
"In my opinion, Great game, would recommend to anyone without hesitation.",positive
"Overall, What a fantastic course, it just works and works well.",positive
"To be fair, This gadget fell apart within a week, total waste of money.",negative
"Overall, Average at best, wouldn't go out of my way to try it again soon.",neutral
"Honestly, I can't stop recommending this product to friends and family.",positive
"Honestly, Neither impressed nor disappointed by this meal.",neutral
"In my opinion, Poor quality control, the service arrived damaged and unusable.",negative
"Overall, Superb quality, the movie felt carefully made and thoughtful.",positive
"To be fair, Waste of time and money, this restaurant was a huge disappointment.",negative
"Honestly, The software was mediocre at best, nothing special about it.",negative
This app was fantastic from start to finish.,positive
"It's fine for casual use, though I wouldn't call it exceptional by any means.",neutral
"To be fair, Ended up loving every bit of this, will definitely be back for more.",positive
"Overall, I had high hopes but the service let me down badly.",negative
"Honestly, Would not recommend this course to anyone, complete letdown.",negative
"To be fair, It's an average headphones, does the job but nothing exciting.",neutral
"Overall, So glad I gave this a shot, it made everything so much easier.",positive
Neither impressed nor disappointed by this service.,neutral
"Overall, It does the job, though I probably wouldn't go out of my way for it again.",neutral
"It's a fairly ordinary app, similar to others in this category.",neutral
"Brilliant from beginning to end, one of my favorite experiences this year.",positive
"In my opinion, Fell short in every way imaginable, wouldn't wish this on anyone.",negative
"In my opinion, Painfully slow and clunky, honestly a headache to deal with.",negative
"In my opinion, Couldn't have asked for a better experience, staff and quality were amazing.",positive
"Completely underwhelmed, the whole thing felt rushed and cheaply put together.",negative
"Honestly, Somewhere in the middle for me, has its ups and downs like most things.",neutral
"To be fair, The product broke almost immediately, very frustrating.",negative
"Honestly, Waste of time and money, this vacation was a huge disappointment.",negative
Neither impressed nor disappointed by this movie.,neutral
"Never again, this was hands down one of my worst experiences this year.",negative
"Overall, It's fine for casual use, though I wouldn't call it exceptional by any means.",neutral
"Overall, Average at best, wouldn't go out of my way to try it again soon.",neutral
"This laptop made my day, genuinely wonderful.",positive
"Great gadget, would recommend to anyone without hesitation.",positive
"Overall, Great app, would recommend to anyone without hesitation.",positive
"Really impressed with this service, worth every penny.",positive
"In my opinion, I was really disappointed with this product, wouldn't buy again.",negative
"Overall, One star, the album simply doesn't do what it claims.",negative
"Honestly, Middle of the road course, I have mixed feelings about it.",neutral
Broke down almost right away and nobody seemed to care about fixing it.,negative
"Honestly, Not worth the price, the show is poorly made.",negative
"To be fair, I want my money back, this was a total disaster from beginning to end.",negative
"Honestly, Somewhere in the middle for me, has its ups and downs like most things.",neutral
"To be fair, It's a fairly ordinary hotel, similar to others in this category.",neutral
"Brilliant from beginning to end, one of my favorite experiences this year.",positive
"Overall, Fell short in every way imaginable, wouldn't wish this on anyone.",negative
"To be fair, The hotel arrived on time, packaging was standard.",neutral
"Overall, The product was mediocre at best, nothing special about it.",negative
"Average at best, wouldn't go out of my way to try it again soon.",neutral
"To be fair, I want my money back, this was a total disaster from beginning to end.",negative
"In my opinion, Can't believe how good this turned out, best decision I made all week.",positive
"To be fair, The meal is functional but there's nothing memorable about it.",neutral
"To be fair, Broke down almost right away and nobody seemed to care about fixing it.",negative
"In my opinion, The delivery does what it's supposed to, nothing stood out.",neutral
"Reasonable for what it is, though there's plenty of room to improve.",neutral
"To be fair, I want my money back, this was a total disaster from beginning to end.",negative
"Overall, Waste of time and money, this laptop was a huge disappointment.",negative
"Overall, This camera was fantastic from start to finish.",positive
"The camera works as described, no complaints but no praise either.",neutral
Honestly one of the best cameras I've come across in a long time.,positive
"In my opinion, Such a pleasant experience with this restaurant, I'm coming back for more.",positive
"Overall, The show was mediocre at best, nothing special about it.",negative
"Overall, Painfully slow and clunky, honestly a headache to deal with.",negative
"In my opinion, Such a letdown, expected way more and got almost nothing in return.",negative
"Honestly, I'm thrilled with how this turned out, couldn't ask for more honestly.",positive
"Overall, Such a pleasant experience with this product, I'm coming back for more.",positive
"To be fair, Five stars, the game was excellent and delivered on its promise.",positive
"Honestly, I was really disappointed with this album, wouldn't buy again.",negative
"Overall, It does the job, though I probably wouldn't go out of my way for it again.",neutral
"Honestly, The hotel is functional but there's nothing memorable about it.",neutral
"Overall, Went above and beyond what I expected, genuinely happy with how this went.",positive
"Overall, It does the job, though I probably wouldn't go out of my way for it again.",neutral
"To be fair, I want my money back, this was a total disaster from beginning to end.",negative
"To be fair, Brilliant from beginning to end, one of my favorite experiences this year.",positive
"To be fair, Pretty standard experience overall, nothing that really stood out either way.",neutral
"Overall, I was really disappointed with this game, wouldn't buy again.",negative
"Overall, This album was fantastic from start to finish.",positive
"Overall, Ended up loving every bit of this, will definitely be back for more.",positive
"In my opinion, Honestly one of the best gadgets I've come across in a long time.",positive
"In my opinion, Superb quality, the phone felt carefully made and thoughtful.",positive
"The album blew me away, everything about it felt top notch.",positive
"In my opinion, This was a joy to use from the very first minute, highly recommend.",positive
"Overall, Really impressed with this hotel, worth every penny.",positive
"Honestly, Average at best, wouldn't go out of my way to try it again soon.",neutral
"In my opinion, It's an average product, does the job but nothing exciting.",neutral
"To be fair, Kept having issue after issue, support was no help whatsoever either.",negative
"To be fair, Waste of time and money, this laptop was a huge disappointment.",negative
"The service does what it's supposed to, nothing stood out.",neutral
"In my opinion, Some parts were good, some were a bit lacking, evens out overall.",neutral
"Somewhere in the middle for me, has its ups and downs like most things.",neutral
"To be fair, It's an average book, does the job but nothing exciting.",neutral
"Honestly, Nothing worked the way it should have, I ended up frustrated the whole time.",negative
"Overall, One star, the gadget simply doesn't do what it claims.",negative
"Painfully slow and clunky, honestly a headache to deal with.",negative
"In my opinion, Nothing worked the way it should have, I ended up frustrated the whole time.",negative
"Honestly, Honestly one of the best courses I've come across in a long time.",positive
The camera is functional but there's nothing memorable about it.,neutral
"In my opinion, A mixed bag honestly, some things worked well and others didn't.",neutral
"To be fair, I'm thrilled with how this turned out, couldn't ask for more honestly.",positive
"Overall, Everything about this exceeded what I was hoping for, no complaints at all.",positive
"Overall, Everything went wrong from the start, honestly regret the whole thing.",negative
"In my opinion, Neither impressed nor disappointed by this software.",neutral
"Not bad, not great - the phone is just fine for the price.",neutral
"It's fine for casual use, though I wouldn't call it exceptional by any means.",neutral
"The camera does what it's supposed to, nothing stood out.",neutral
"Honestly, Five stars, the restaurant was excellent and delivered on its promise.",positive
"In my opinion, Such a letdown, expected way more and got almost nothing in return.",negative
"Honestly, Middle of the road course, I have mixed feelings about it.",neutral
"Honestly, It's a fairly ordinary delivery, similar to others in this category.",neutral
"To be fair, Never again, this was hands down one of my worst experiences this year.",negative
"In my opinion, Poor quality control, the delivery arrived damaged and unusable.",negative
"In my opinion, This made my week, everything felt smooth and well thought out.",positive
"Honestly, Five stars, the course was excellent and delivered on its promise.",positive
"Really impressed with this meal, worth every penny.",positive
"To be fair, I was really disappointed with this service, wouldn't buy again.",negative
"Middle of the road service, I have mixed feelings about it.",neutral
"Overall, It's a fairly ordinary game, similar to others in this category.",neutral
"Honestly, Middle of the road movie, I have mixed feelings about it.",neutral
"To be fair, It's fine for casual use, though I wouldn't call it exceptional by any means.",neutral
"To be fair, The game was okay, nothing more nothing less.",neutral
"In my opinion, It's an average movie, does the job but nothing exciting.",neutral
Broke down almost right away and nobody seemed to care about fixing it.,negative
"Honestly, Everything about this exceeded what I was hoping for, no complaints at all.",positive
"Honestly, It's fine for casual use, though I wouldn't call it exceptional by any means.",neutral
"In my opinion, Completely underwhelmed, the whole thing felt rushed and cheaply put together.",negative
Broke down almost right away and nobody seemed to care about fixing it.,negative
"Honestly, The product was okay, nothing more nothing less.",neutral
"This delivery made my day, genuinely wonderful.",positive
"In my opinion, Couldn't have asked for a better experience, staff and quality were amazing.",positive
"To be fair, This was a joy to use from the very first minute, highly recommend.",positive
Broke down almost right away and nobody seemed to care about fixing it.,negative
I can't stop recommending this hotel to friends and family.,positive
"In my opinion, A mixed bag honestly, some things worked well and others didn't.",neutral
"Overall, I absolutely loved this laptop, it exceeded every expectation.",positive
"Overall, Best purchase I've made in ages, I use it every single day now.",positive
"Overall, Neither impressed nor disappointed by this vacation.",neutral
"To be fair, One star, the album simply doesn't do what it claims.",negative
"In my opinion, Honestly one of the best cameras I've come across in a long time.",positive
"In my opinion, Somewhere in the middle for me, has its ups and downs like most things.",neutral
"In my opinion, It's fine for casual use, though I wouldn't call it exceptional by any means.",neutral
"Overall, The product works as described, no complaints but no praise either.",neutral
"Honestly, Painfully slow and clunky, honestly a headache to deal with.",negative
"In my opinion, Completely underwhelmed, the whole thing felt rushed and cheaply put together.",negative
"To be fair, Great restaurant, would recommend to anyone without hesitation.",positive
"It's an average phone, does the job but nothing exciting.",neutral
"It does the job, though I probably wouldn't go out of my way for it again.",neutral
"Honestly, Reasonable for what it is, though there's plenty of room to improve.",neutral
"Honestly, The headphones is functional but there's nothing memorable about it.",neutral
"Honestly, Fell short in every way imaginable, wouldn't wish this on anyone.",negative
"To be fair, Broke down almost right away and nobody seemed to care about fixing it.",negative
"Would not recommend this book to anyone, complete letdown.",negative
"Overall, Awful experience, the app didn't work as advertised at all.",negative
"Honestly, The movie was mediocre at best, nothing special about it.",negative
"To be fair, I had high hopes but the phone let me down badly.",negative
"In my opinion, Not worth the price, the delivery is poorly made.",negative
"Overall, Got the job done without any drama, but nothing to write home about.",neutral
"In my opinion, Waste of time and money, this product was a huge disappointment.",negative
"Honestly, This laptop was fantastic from start to finish.",positive
"Overall, I can't stop recommending this restaurant to friends and family.",positive
"To be fair, Reasonable for what it is, though there's plenty of room to improve.",neutral
"Honestly, The laptop is functional but there's nothing memorable about it.",neutral
"To be fair, Would not recommend this service to anyone, complete letdown.",negative
"Honestly, This made my week, everything felt smooth and well thought out.",positive
"Honestly, So glad I gave this a shot, it made everything so much easier.",positive
"Overall, This was a joy to use from the very first minute, highly recommend.",positive
"Overall, Five stars, the service was excellent and delivered on its promise.",positive
"The gadget does what it's supposed to, nothing stood out.",neutral
"Honestly, The phone works as described, no complaints but no praise either.",neutral
"Honestly, The app broke almost immediately, very frustrating.",negative
"To be fair, Never again, this was hands down one of my worst experiences this year.",negative
"Reasonable for what it is, though there's plenty of room to improve.",neutral
"Honestly, The book blew me away, everything about it felt top notch.",positive
"Not bad, not great - the show is just fine for the price.",neutral
"It's an average headphones, does the job but nothing exciting.",neutral
"Everything went wrong from the start, honestly regret the whole thing.",negative
"Honestly, Such a pleasant experience with this delivery, I'm coming back for more.",positive
"It arrived as expected, works fine, just didn't leave much of an impression.",neutral
"Everything went wrong from the start, honestly regret the whole thing.",negative
"Poor quality control, the phone arrived damaged and unusable.",negative
"Overall, Can't believe how good this turned out, best decision I made all week.",positive
"Honestly, Brilliant from beginning to end, one of my favorite experiences this year.",positive
"Pretty standard experience overall, nothing that really stood out either way.",neutral
"To be fair, Everything went wrong from the start, honestly regret the whole thing.",negative
"To be fair, Really impressed with this phone, worth every penny.",positive
"In my opinion, This product fell apart within a week, total waste of money.",negative
"To be fair, It arrived as expected, works fine, just didn't leave much of an impression.",neutral
"In my opinion, The laptop arrived on time, packaging was standard.",neutral
"To be fair, The album blew me away, everything about it felt top notch.",positive
"Honestly, Middle of the road delivery, I have mixed feelings about it.",neutral
"In my opinion, Completely underwhelmed, the whole thing felt rushed and cheaply put together.",negative
"To be fair, What a fantastic show, it just works and works well.",positive
"Honestly, Completely underwhelmed, the whole thing felt rushed and cheaply put together.",negative
"Honestly, Pretty standard experience overall, nothing that really stood out either way.",neutral
"In my opinion, I'm thrilled with how this turned out, couldn't ask for more honestly.",positive
"In my opinion, The hotel arrived on time, packaging was standard.",neutral
"Overall, Middle of the road show, I have mixed feelings about it.",neutral
"This made my week, everything felt smooth and well thought out.",positive
"In my opinion, The hotel broke almost immediately, very frustrating.",negative
"One star, the vacation simply doesn't do what it claims.",negative
"Can't believe how good this turned out, best decision I made all week.",positive
"Overall, The book does what it's supposed to, nothing stood out.",neutral
"In my opinion, Middle of the road show, I have mixed feelings about it.",neutral
"In my opinion, Such a letdown, expected way more and got almost nothing in return.",negative
"Honestly, Middle of the road book, I have mixed feelings about it.",neutral
"A mixed bag honestly, some things worked well and others didn't.",neutral
"Overall, Honestly one of the best movies I've come across in a long time.",positive
"To be fair, This book was fantastic from start to finish.",positive
"In my opinion, It does the job, though I probably wouldn't go out of my way for it again.",neutral
"Honestly, Everything felt cheap and rushed, deeply disappointing given the price.",negative
"In my opinion, The laptop does what it's supposed to, nothing stood out.",neutral
"In my opinion, Neither impressed nor disappointed by this phone.",neutral
"In my opinion, Ended up loving every bit of this, will definitely be back for more.",positive
"In my opinion, I had high hopes but the show let me down badly.",negative
"Overall, Terrible game, I regret ever purchasing it.",negative
"To be fair, I'm thrilled with how this turned out, couldn't ask for more honestly.",positive
"Honestly, Never again, this was hands down one of my worst experiences this year.",negative
"Honestly, This gadget fell apart within a week, total waste of money.",negative
"In my opinion, Such a letdown, expected way more and got almost nothing in return.",negative
"To be fair, It arrived as expected, works fine, just didn't leave much of an impression.",neutral
"Overall, This laptop was fantastic from start to finish.",positive
"Honestly, Can't believe how good this turned out, best decision I made all week.",positive
"To be fair, Kept having issue after issue, support was no help whatsoever either.",negative
"In my opinion, Really happy I took the chance on this, exceeded all my expectations.",positive
"Overall, I had high hopes but the book let me down badly.",negative
"To be fair, Some parts were good, some were a bit lacking, evens out overall.",neutral
"Completely underwhelmed, the whole thing felt rushed and cheaply put together.",negative
"Honestly, I had high hopes but the software let me down badly.",negative
"Overall, Everything felt cheap and rushed, deeply disappointing given the price.",negative
"It's an average phone, does the job but nothing exciting.",neutral
"Honestly, Some parts were good, some were a bit lacking, evens out overall.",neutral
"Honestly, Would not recommend this hotel to anyone, complete letdown.",negative
"To be fair, Such a pleasant experience with this meal, I'm coming back for more.",positive
"In my opinion, Can't believe how good this turned out, best decision I made all week.",positive
"It's a fairly ordinary headphones, similar to others in this category.",neutral
"In my opinion, Went above and beyond what I expected, genuinely happy with how this went.",positive
"Overall, Can't believe how good this turned out, best decision I made all week.",positive
"The headphones broke almost immediately, very frustrating.",negative
"In my opinion, So glad I gave this a shot, it made everything so much easier.",positive
"Overall, One star, the album simply doesn't do what it claims.",negative
"Honestly, This delivery made my day, genuinely wonderful.",positive
"It's an average laptop, does the job but nothing exciting.",neutral
"In my opinion, This was a joy to use from the very first minute, highly recommend.",positive
"Kept having issue after issue, support was no help whatsoever either.",negative
"Honestly, Can't believe how good this turned out, best decision I made all week.",positive
"To be fair, This made my week, everything felt smooth and well thought out.",positive
"Honestly, Nothing worked the way it should have, I ended up frustrated the whole time.",negative
"In my opinion, Honestly one of the best services I've come across in a long time.",positive
"A mixed bag honestly, some things worked well and others didn't.",neutral
This product was fantastic from start to finish.,positive
"I absolutely loved this book, it exceeded every expectation.",positive
"In my opinion, Really happy I took the chance on this, exceeded all my expectations.",positive
"To be fair, Some parts were good, some were a bit lacking, evens out overall.",neutral
"Reasonable for what it is, though there's plenty of room to improve.",neutral
"Overall, Can't believe how good this turned out, best decision I made all week.",positive
"To be fair, Best purchase I've made in ages, I use it every single day now.",positive
"In my opinion, Broke down almost right away and nobody seemed to care about fixing it.",negative
"So glad I gave this a shot, it made everything so much easier.",positive
"To be fair, Fell short in every way imaginable, wouldn't wish this on anyone.",negative
"Overall, Superb quality, the gadget felt carefully made and thoughtful.",positive
"To be fair, Reasonable for what it is, though there's plenty of room to improve.",neutral
"To be fair, A mixed bag honestly, some things worked well and others didn't.",neutral
"Honestly, Everything felt cheap and rushed, deeply disappointing given the price.",negative
"Honestly, Great game, would recommend to anyone without hesitation.",positive
"In my opinion, The delivery arrived on time, packaging was standard.",neutral
"Brilliant from beginning to end, one of my favorite experiences this year.",positive
"In my opinion, This product was fantastic from start to finish.",positive
"Overall, Never again, this was hands down one of my worst experiences this year.",negative
"To be fair, What a fantastic product, it just works and works well.",positive
"In my opinion, Poor quality control, the movie arrived damaged and unusable.",negative
"Overall, The product arrived on time, packaging was standard.",neutral
"Overall, Went above and beyond what I expected, genuinely happy with how this went.",positive
"Really impressed with this meal, worth every penny.",positive
"Overall, It does the job, though I probably wouldn't go out of my way for it again.",neutral
"Overall, Superb quality, the service felt carefully made and thoughtful.",positive
"Honestly, One star, the course simply doesn't do what it claims.",negative
"I want my money back, this was a total disaster from beginning to end.",negative
Broke down almost right away and nobody seemed to care about fixing it.,negative
"Overall, Nothing worked the way it should have, I ended up frustrated the whole time.",negative
"In my opinion, Got the job done without any drama, but nothing to write home about.",neutral
"Honestly, Honestly one of the best meals I've come across in a long time.",positive
"Overall, Brilliant from beginning to end, one of my favorite experiences this year.",positive
"In my opinion, Superb quality, the camera felt carefully made and thoughtful.",positive
"Overall, Broke down almost right away and nobody seemed to care about fixing it.",negative
"Overall, It's fine for casual use, though I wouldn't call it exceptional by any means.",neutral
"In my opinion, It's an average phone, does the job but nothing exciting.",neutral
"Awful experience, the gadget didn't work as advertised at all.",negative
"Overall, Poor quality control, the course arrived damaged and unusable.",negative
"To be fair, Completely underwhelmed, the whole thing felt rushed and cheaply put together.",negative
"One star, the service simply doesn't do what it claims.",negative
"Overall, Would not recommend this laptop to anyone, complete letdown.",negative
"Honestly, Awful experience, the delivery didn't work as advertised at all.",negative
"Overall, Such a letdown, expected way more and got almost nothing in return.",negative
"Overall, Best purchase I've made in ages, I use it every single day now.",positive
"Overall, This phone made my day, genuinely wonderful.",positive
"Kept having issue after issue, support was no help whatsoever either.",negative
"In my opinion, The gadget works as described, no complaints but no praise either.",neutral
"Overall, Best purchase I've made in ages, I use it every single day now.",positive
"In my opinion, I was really disappointed with this game, wouldn't buy again.",negative
"Overall, Some parts were good, some were a bit lacking, evens out overall.",neutral
"Honestly, Poor quality control, the laptop arrived damaged and unusable.",negative
"Overall, I had high hopes but the show let me down badly.",negative
"To be fair, It's fine for casual use, though I wouldn't call it exceptional by any means.",neutral
"Honestly, I was really disappointed with this show, wouldn't buy again.",negative
"Honestly, The hotel was mediocre at best, nothing special about it.",negative
"Overall, It's an average app, does the job but nothing exciting.",neutral
"Honestly, Painfully slow and clunky, honestly a headache to deal with.",negative
"What a fantastic software, it just works and works well.",positive
"Honestly, Average at best, wouldn't go out of my way to try it again soon.",neutral
"Overall, Completely underwhelmed, the whole thing felt rushed and cheaply put together.",negative
"Honestly, Best purchase I've made in ages, I use it every single day now.",positive
"Overall, Broke down almost right away and nobody seemed to care about fixing it.",negative
"Some parts were good, some were a bit lacking, evens out overall.",neutral
"Honestly, I can't stop recommending this headphones to friends and family.",positive
"To be fair, Went above and beyond what I expected, genuinely happy with how this went.",positive
"Honestly, Not worth the price, the hotel is poorly made.",negative
"To be fair, I'm thrilled with how this turned out, couldn't ask for more honestly.",positive
"In my opinion, Not bad, not great - the phone is just fine for the price.",neutral
"Really impressed with this app, worth every penny.",positive
"Overall, Can't believe how good this turned out, best decision I made all week.",positive
"Overall, Would not recommend this app to anyone, complete letdown.",negative
"Overall, Terrible movie, I regret ever purchasing it.",negative
"In my opinion, Honestly one of the best shows I've come across in a long time.",positive
"Honestly, Everything about this exceeded what I was hoping for, no complaints at all.",positive
"To be fair, Can't believe how good this turned out, best decision I made all week.",positive
"In my opinion, Kept having issue after issue, support was no help whatsoever either.",negative
"Honestly, Everything went wrong from the start, honestly regret the whole thing.",negative
"To be fair, Couldn't have asked for a better experience, staff and quality were amazing.",positive
"Honestly, Really impressed with this course, worth every penny.",positive
"Can't believe how good this turned out, best decision I made all week.",positive
"The laptop works as described, no complaints but no praise either.",neutral
"To be fair, The book broke almost immediately, very frustrating.",negative
Broke down almost right away and nobody seemed to care about fixing it.,negative
"Overall, Five stars, the hotel was excellent and delivered on its promise.",positive
"Overall, Such a pleasant experience with this hotel, I'm coming back for more.",positive
"Overall, Completely underwhelmed, the whole thing felt rushed and cheaply put together.",negative
"Overall, Great show, would recommend to anyone without hesitation.",positive
"In my opinion, Went above and beyond what I expected, genuinely happy with how this went.",positive
"What a fantastic book, it just works and works well.",positive
"Overall, This was a joy to use from the very first minute, highly recommend.",positive
"Overall, Got the job done without any drama, but nothing to write home about.",neutral
"To be fair, This headphones fell apart within a week, total waste of money.",negative
"In my opinion, Best purchase I've made in ages, I use it every single day now.",positive
"What a fantastic album, it just works and works well.",positive
"Honestly, Such a letdown, expected way more and got almost nothing in return.",negative
"I'm thrilled with how this turned out, couldn't ask for more honestly.",positive
"Superb quality, the show felt carefully made and thoughtful.",positive
"To be fair, Ended up loving every bit of this, will definitely be back for more.",positive
"To be fair, I can't stop recommending this phone to friends and family.",positive
"Great hotel, would recommend to anyone without hesitation.",positive
"Honestly, Completely underwhelmed, the whole thing felt rushed and cheaply put together.",negative
"In my opinion, Couldn't have asked for a better experience, staff and quality were amazing.",positive
"Overall, This product fell apart within a week, total waste of money.",negative
"In my opinion, It arrived as expected, works fine, just didn't leave much of an impression.",neutral
"To be fair, Middle of the road show, I have mixed feelings about it.",neutral
"In my opinion, Five stars, the laptop was excellent and delivered on its promise.",positive
"Honestly, A mixed bag honestly, some things worked well and others didn't.",neutral
"Couldn't have asked for a better experience, staff and quality were amazing.",positive
"In my opinion, So glad I gave this a shot, it made everything so much easier.",positive
"Such a pleasant experience with this phone, I'm coming back for more.",positive
"Overall, Broke down almost right away and nobody seemed to care about fixing it.",negative
"Kept having issue after issue, support was no help whatsoever either.",negative
"To be fair, The product was okay, nothing more nothing less.",neutral
"In my opinion, Brilliant from beginning to end, one of my favorite experiences this year.",positive
"This was a joy to use from the very first minute, highly recommend.",positive
"Honestly, Went above and beyond what I expected, genuinely happy with how this went.",positive
"To be fair, So glad I gave this a shot, it made everything so much easier.",positive
"Honestly, I was really disappointed with this movie, wouldn't buy again.",negative
"The laptop broke almost immediately, very frustrating.",negative
"The game blew me away, everything about it felt top notch.",positive
"To be fair, Completely underwhelmed, the whole thing felt rushed and cheaply put together.",negative
"Went above and beyond what I expected, genuinely happy with how this went.",positive
"To be fair, Poor quality control, the app arrived damaged and unusable.",negative
"Overall, Waste of time and money, this gadget was a huge disappointment.",negative
"Overall, Such a letdown, expected way more and got almost nothing in return.",negative
"Overall, Got the job done without any drama, but nothing to write home about.",neutral
"Honestly, Five stars, the game was excellent and delivered on its promise.",positive
"To be fair, Best purchase I've made in ages, I use it every single day now.",positive
"Overall, Such a letdown, expected way more and got almost nothing in return.",negative
"Honestly, This laptop fell apart within a week, total waste of money.",negative
"Overall, The software was okay, nothing more nothing less.",neutral
"Honestly, I can't stop recommending this meal to friends and family.",positive
"The camera blew me away, everything about it felt top notch.",positive
"Such a letdown, expected way more and got almost nothing in return.",negative
"In my opinion, Somewhere in the middle for me, has its ups and downs like most things.",neutral
"Honestly, I can't stop recommending this restaurant to friends and family.",positive
"Honestly, The delivery works as described, no complaints but no praise either.",neutral
"To be fair, Ended up loving every bit of this, will definitely be back for more.",positive
"In my opinion, Average at best, wouldn't go out of my way to try it again soon.",neutral
"To be fair, Somewhere in the middle for me, has its ups and downs like most things.",neutral
"Overall, Middle of the road movie, I have mixed feelings about it.",neutral
"To be fair, Couldn't have asked for a better experience, staff and quality were amazing.",positive
"Overall, Kept having issue after issue, support was no help whatsoever either.",negative
Honestly one of the best hotels I've come across in a long time.,positive
"To be fair, Five stars, the software was excellent and delivered on its promise.",positive
Broke down almost right away and nobody seemed to care about fixing it.,negative
"It's an average movie, does the job but nothing exciting.",neutral
"Overall, The vacation blew me away, everything about it felt top notch.",positive
"Honestly, Five stars, the show was excellent and delivered on its promise.",positive
"Honestly, Got the job done without any drama, but nothing to write home about.",neutral
"Overall, Everything about this exceeded what I was hoping for, no complaints at all.",positive
"To be fair, Somewhere in the middle for me, has its ups and downs like most things.",neutral
"Overall, Went above and beyond what I expected, genuinely happy with how this went.",positive
"Everything felt cheap and rushed, deeply disappointing given the price.",negative
"To be fair, Awful experience, the laptop didn't work as advertised at all.",negative
"Honestly, Got the job done without any drama, but nothing to write home about.",neutral
"To be fair, Not bad, not great - the laptop is just fine for the price.",neutral
"In my opinion, This made my week, everything felt smooth and well thought out.",positive
"To be fair, Some parts were good, some were a bit lacking, evens out overall.",neutral
"Everything about this exceeded what I was hoping for, no complaints at all.",positive
"Honestly, The book arrived on time, packaging was standard.",neutral
"Overall, Middle of the road movie, I have mixed feelings about it.",neutral
"Overall, Best purchase I've made in ages, I use it every single day now.",positive
"Honestly, One star, the app simply doesn't do what it claims.",negative
"Honestly, Not bad, not great - the service is just fine for the price.",neutral
"Overall, I absolutely loved this gadget, it exceeded every expectation.",positive
"It arrived as expected, works fine, just didn't leave much of an impression.",neutral
"In my opinion, Middle of the road gadget, I have mixed feelings about it.",neutral
"To be fair, Painfully slow and clunky, honestly a headache to deal with.",negative
"Honestly, Superb quality, the gadget felt carefully made and thoughtful.",positive
"Overall, Couldn't have asked for a better experience, staff and quality were amazing.",positive
"Overall, Painfully slow and clunky, honestly a headache to deal with.",negative
"To be fair, The show arrived on time, packaging was standard.",neutral
"Overall, The album broke almost immediately, very frustrating.",negative
"Overall, I had high hopes but the movie let me down badly.",negative
"Honestly, The hotel broke almost immediately, very frustrating.",negative
"Overall, Poor quality control, the restaurant arrived damaged and unusable.",negative
"Honestly, I was really disappointed with this game, wouldn't buy again.",negative
"To be fair, Painfully slow and clunky, honestly a headache to deal with.",negative
"Overall, Such a letdown, expected way more and got almost nothing in return.",negative
"Honestly, The game works as described, no complaints but no praise either.",neutral
"To be fair, A mixed bag honestly, some things worked well and others didn't.",neutral
"Overall, The headphones does what it's supposed to, nothing stood out.",neutral
"To be fair, I absolutely loved this camera, it exceeded every expectation.",positive
"To be fair, One star, the vacation simply doesn't do what it claims.",negative
"To be fair, A mixed bag honestly, some things worked well and others didn't.",neutral
"To be fair, Would not recommend this laptop to anyone, complete letdown.",negative
"In my opinion, Never again, this was hands down one of my worst experiences this year.",negative
"Honestly, Not bad, not great - the camera is just fine for the price.",neutral
"Honestly, Ended up loving every bit of this, will definitely be back for more.",positive
"Overall, Average at best, wouldn't go out of my way to try it again soon.",neutral
"Overall, Average at best, wouldn't go out of my way to try it again soon.",neutral
"In my opinion, I was really disappointed with this movie, wouldn't buy again.",negative
"Honestly, Not bad, not great - the game is just fine for the price.",neutral
"Overall, Painfully slow and clunky, honestly a headache to deal with.",negative
"Honestly, I absolutely loved this restaurant, it exceeded every expectation.",positive
"Honestly, Kept having issue after issue, support was no help whatsoever either.",negative
"In my opinion, What a fantastic service, it just works and works well.",positive
"In my opinion, The headphones blew me away, everything about it felt top notch.",positive
"Honestly, Average at best, wouldn't go out of my way to try it again soon.",neutral
"Reasonable for what it is, though there's plenty of room to improve.",neutral
"Overall, Nothing worked the way it should have, I ended up frustrated the whole time.",negative
"In my opinion, Completely underwhelmed, the whole thing felt rushed and cheaply put together.",negative
"To be fair, Reasonable for what it is, though there's plenty of room to improve.",neutral
"Honestly, Everything went wrong from the start, honestly regret the whole thing.",negative
"In my opinion, A mixed bag honestly, some things worked well and others didn't.",neutral
"Overall, Average at best, wouldn't go out of my way to try it again soon.",neutral
"Honestly, Pretty standard experience overall, nothing that really stood out either way.",neutral
"To be fair, It does the job, though I probably wouldn't go out of my way for it again.",neutral
"Honestly, Some parts were good, some were a bit lacking, evens out overall.",neutral
"In my opinion, I had high hopes but the game let me down badly.",negative
"Honestly, Got the job done without any drama, but nothing to write home about.",neutral
"Overall, It's an average camera, does the job but nothing exciting.",neutral
"Honestly, Would not recommend this show to anyone, complete letdown.",negative
"Would not recommend this album to anyone, complete letdown.",negative
"To be fair, Couldn't have asked for a better experience, staff and quality were amazing.",positive
"Waste of time and money, this meal was a huge disappointment.",negative
"To be fair, So glad I gave this a shot, it made everything so much easier.",positive
"Honestly, This headphones was fantastic from start to finish.",positive
"In my opinion, Really impressed with this album, worth every penny.",positive
"To be fair, Left feeling annoyed and cheated, definitely steering clear from now on.",negative
"Honestly, Painfully slow and clunky, honestly a headache to deal with.",negative
"To be fair, Fell short in every way imaginable, wouldn't wish this on anyone.",negative
"Overall, Such a pleasant experience with this camera, I'm coming back for more.",positive
"Overall, Everything went wrong from the start, honestly regret the whole thing.",negative
"Honestly, Not worth the price, the course is poorly made.",negative
"Overall, It arrived as expected, works fine, just didn't leave much of an impression.",neutral
"In my opinion, Pretty standard experience overall, nothing that really stood out either way.",neutral
"Nothing worked the way it should have, I ended up frustrated the whole time.",negative
"To be fair, This was a joy to use from the very first minute, highly recommend.",positive
"Honestly, I absolutely loved this vacation, it exceeded every expectation.",positive
"Overall, Terrible laptop, I regret ever purchasing it.",negative
"Honestly, Everything about this exceeded what I was hoping for, no complaints at all.",positive
"To be fair, It's a fairly ordinary laptop, similar to others in this category.",neutral
"Honestly, Completely underwhelmed, the whole thing felt rushed and cheaply put together.",negative
"In my opinion, Such a pleasant experience with this restaurant, I'm coming back for more.",positive
"In my opinion, The hotel blew me away, everything about it felt top notch.",positive
"Somewhere in the middle for me, has its ups and downs like most things.",neutral
"Honestly, It's fine for casual use, though I wouldn't call it exceptional by any means.",neutral
"In my opinion, Broke down almost right away and nobody seemed to care about fixing it.",negative
"Honestly, I had high hopes but the book let me down badly.",negative
"Honestly, The restaurant works as described, no complaints but no praise either.",neutral
"To be fair, Reasonable for what it is, though there's plenty of room to improve.",neutral
"In my opinion, Great hotel, would recommend to anyone without hesitation.",positive
"In my opinion, Can't believe how good this turned out, best decision I made all week.",positive
I had high hopes but the app let me down badly.,negative
"Overall, Fell short in every way imaginable, wouldn't wish this on anyone.",negative
"In my opinion, The show was mediocre at best, nothing special about it.",negative
"Overall, The book blew me away, everything about it felt top notch.",positive
Neither impressed nor disappointed by this gadget.,neutral
"In my opinion, Nothing worked the way it should have, I ended up frustrated the whole time.",negative
"Overall, Not worth the price, the delivery is poorly made.",negative
"Overall, I'm thrilled with how this turned out, couldn't ask for more honestly.",positive
"To be fair, What a fantastic album, it just works and works well.",positive
"Somewhere in the middle for me, has its ups and downs like most things.",neutral
"The album works as described, no complaints but no praise either.",neutral
"Honestly, Left feeling annoyed and cheated, definitely steering clear from now on.",negative
"Honestly, Not worth the price, the laptop is poorly made.",negative
"Honestly, Brilliant from beginning to end, one of my favorite experiences this year.",positive
"Overall, Five stars, the hotel was excellent and delivered on its promise.",positive
"Couldn't have asked for a better experience, staff and quality were amazing.",positive
"In my opinion, Such a pleasant experience with this game, I'm coming back for more.",positive
"To be fair, Can't believe how good this turned out, best decision I made all week.",positive
"In my opinion, Everything about this exceeded what I was hoping for, no complaints at all.",positive
"Overall, Middle of the road service, I have mixed feelings about it.",neutral
"To be fair, Middle of the road movie, I have mixed feelings about it.",neutral
"Everything about this exceeded what I was hoping for, no complaints at all.",positive
"In my opinion, It's an average vacation, does the job but nothing exciting.",neutral
"Honestly, I can't stop recommending this service to friends and family.",positive
"In my opinion, Pretty standard experience overall, nothing that really stood out either way.",neutral
"Honestly, Left feeling annoyed and cheated, definitely steering clear from now on.",negative
"To be fair, The hotel was okay, nothing more nothing less.",neutral
"Honestly, Terrible restaurant, I regret ever purchasing it.",negative
"To be fair, Can't believe how good this turned out, best decision I made all week.",positive
"To be fair, I absolutely loved this restaurant, it exceeded every expectation.",positive
"To be fair, It's fine for casual use, though I wouldn't call it exceptional by any means.",neutral
"Honestly, Nothing worked the way it should have, I ended up frustrated the whole time.",negative
"Overall, Can't believe how good this turned out, best decision I made all week.",positive
"Overall, Waste of time and money, this laptop was a huge disappointment.",negative
"In my opinion, It's a fairly ordinary software, similar to others in this category.",neutral
"Overall, It arrived as expected, works fine, just didn't leave much of an impression.",neutral
"To be fair, Left feeling annoyed and cheated, definitely steering clear from now on.",negative
"Not bad, not great - the game is just fine for the price.",neutral
"Overall, This course was fantastic from start to finish.",positive
"To be fair, Average at best, wouldn't go out of my way to try it again soon.",neutral
"Honestly, Five stars, the app was excellent and delivered on its promise.",positive
"Overall, The game does what it's supposed to, nothing stood out.",neutral
"Not worth the price, the album is poorly made.",negative
"In my opinion, Neither impressed nor disappointed by this album.",neutral
"Overall, Not bad, not great - the service is just fine for the price.",neutral
"In my opinion, I absolutely loved this gadget, it exceeded every expectation.",positive
"To be fair, One star, the hotel simply doesn't do what it claims.",negative
"To be fair, The app was okay, nothing more nothing less.",neutral
"Overall, I can't stop recommending this service to friends and family.",positive
"Honestly, The vacation is functional but there's nothing memorable about it.",neutral
"Honestly, It's a fairly ordinary gadget, similar to others in this category.",neutral
"To be fair, Everything felt cheap and rushed, deeply disappointing given the price.",negative
"In my opinion, Average at best, wouldn't go out of my way to try it again soon.",neutral
"Honestly, Terrible movie, I regret ever purchasing it.",negative
"Honestly, Brilliant from beginning to end, one of my favorite experiences this year.",positive
"In my opinion, Never again, this was hands down one of my worst experiences this year.",negative
"Ended up loving every bit of this, will definitely be back for more.",positive
"In my opinion, Reasonable for what it is, though there's plenty of room to improve.",neutral
"It's fine for casual use, though I wouldn't call it exceptional by any means.",neutral
"Honestly, Really impressed with this course, worth every penny.",positive
"Overall, Best purchase I've made in ages, I use it every single day now.",positive
"Honestly, Everything went wrong from the start, honestly regret the whole thing.",negative
"In my opinion, Would not recommend this book to anyone, complete letdown.",negative
"It's an average delivery, does the job but nothing exciting.",neutral
"In my opinion, Some parts were good, some were a bit lacking, evens out overall.",neutral
"In my opinion, Painfully slow and clunky, honestly a headache to deal with.",negative
"Honestly, Not worth the price, the camera is poorly made.",negative
"Honestly, I was really disappointed with this movie, wouldn't buy again.",negative
"Can't believe how good this turned out, best decision I made all week.",positive
"Overall, Poor quality control, the album arrived damaged and unusable.",negative
"Overall, Really impressed with this camera, worth every penny.",positive
"To be fair, Broke down almost right away and nobody seemed to care about fixing it.",negative
"Honestly, The restaurant blew me away, everything about it felt top notch.",positive
"To be fair, The show works as described, no complaints but no praise either.",neutral
"So glad I gave this a shot, it made everything so much easier.",positive
"Honestly, Kept having issue after issue, support was no help whatsoever either.",negative
"Honestly, Great headphones, would recommend to anyone without hesitation.",positive
"One star, the laptop simply doesn't do what it claims.",negative
"To be fair, It's fine for casual use, though I wouldn't call it exceptional by any means.",neutral
"Overall, Fell short in every way imaginable, wouldn't wish this on anyone.",negative
"Honestly, Not bad, not great - the camera is just fine for the price.",neutral
"Overall, It's a fairly ordinary camera, similar to others in this category.",neutral
"The product blew me away, everything about it felt top notch.",positive
"Honestly, Nothing worked the way it should have, I ended up frustrated the whole time.",negative
"In my opinion, Would not recommend this album to anyone, complete letdown.",negative
"In my opinion, Fell short in every way imaginable, wouldn't wish this on anyone.",negative
"Honestly, I can't stop recommending this album to friends and family.",positive
"To be fair, It's fine for casual use, though I wouldn't call it exceptional by any means.",neutral
"To be fair, Pretty standard experience overall, nothing that really stood out either way.",neutral
"Five stars, the delivery was excellent and delivered on its promise.",positive
"To be fair, The restaurant does what it's supposed to, nothing stood out.",neutral
"In my opinion, Middle of the road book, I have mixed feelings about it.",neutral
"To be fair, Such a pleasant experience with this show, I'm coming back for more.",positive
"Everything about this exceeded what I was hoping for, no complaints at all.",positive
"To be fair, Really impressed with this gadget, worth every penny.",positive
"Honestly, I can't stop recommending this gadget to friends and family.",positive
"Honestly, Can't believe how good this turned out, best decision I made all week.",positive
"Honestly, Couldn't have asked for a better experience, staff and quality were amazing.",positive
"Everything went wrong from the start, honestly regret the whole thing.",negative
"A mixed bag honestly, some things worked well and others didn't.",neutral
"Honestly, Terrible hotel, I regret ever purchasing it.",negative
"Overall, Honestly one of the best books I've come across in a long time.",positive
"Overall, The hotel does what it's supposed to, nothing stood out.",neutral
"Honestly, Not bad, not great - the restaurant is just fine for the price.",neutral
"To be fair, Left feeling annoyed and cheated, definitely steering clear from now on.",negative
"To be fair, Nothing worked the way it should have, I ended up frustrated the whole time.",negative
"To be fair, It arrived as expected, works fine, just didn't leave much of an impression.",neutral
"Honestly, Never again, this was hands down one of my worst experiences this year.",negative
"It does the job, though I probably wouldn't go out of my way for it again.",neutral
"The phone does what it's supposed to, nothing stood out.",neutral
"In my opinion, Terrible phone, I regret ever purchasing it.",negative
"In my opinion, Somewhere in the middle for me, has its ups and downs like most things.",neutral
"Such a letdown, expected way more and got almost nothing in return.",negative
"Overall, Such a pleasant experience with this phone, I'm coming back for more.",positive
"To be fair, I absolutely loved this delivery, it exceeded every expectation.",positive
"Would not recommend this gadget to anyone, complete letdown.",negative
"Overall, This was a joy to use from the very first minute, highly recommend.",positive
I had high hopes but the laptop let me down badly.,negative
"Overall, Everything felt cheap and rushed, deeply disappointing given the price.",negative
"In my opinion, It's an average gadget, does the job but nothing exciting.",neutral
"Overall, Poor quality control, the restaurant arrived damaged and unusable.",negative
"Honestly, Waste of time and money, this book was a huge disappointment.",negative
"To be fair, Not bad, not great - the show is just fine for the price.",neutral
"What a fantastic album, it just works and works well.",positive
"To be fair, The camera was okay, nothing more nothing less.",neutral
"Everything about this exceeded what I was hoping for, no complaints at all.",positive
"Overall, The camera arrived on time, packaging was standard.",neutral
"In my opinion, The album was okay, nothing more nothing less.",neutral
"I'm thrilled with how this turned out, couldn't ask for more honestly.",positive
"Such a pleasant experience with this hotel, I'm coming back for more.",positive
"To be fair, I was really disappointed with this phone, wouldn't buy again.",negative
"In my opinion, Left feeling annoyed and cheated, definitely steering clear from now on.",negative
"This product fell apart within a week, total waste of money.",negative
"In my opinion, The game was okay, nothing more nothing less.",neutral
"It's a fairly ordinary book, similar to others in this category.",neutral
"One star, the gadget simply doesn't do what it claims.",negative
"Honestly, Pretty standard experience overall, nothing that really stood out either way.",neutral
"In my opinion, Brilliant from beginning to end, one of my favorite experiences this year.",positive
"Overall, Some parts were good, some were a bit lacking, evens out overall.",neutral
"In my opinion, Nothing worked the way it should have, I ended up frustrated the whole time.",negative
"It's fine for casual use, though I wouldn't call it exceptional by any means.",neutral
"To be fair, Five stars, the album was excellent and delivered on its promise.",positive
"In my opinion, Pretty standard experience overall, nothing that really stood out either way.",neutral
"Honestly, This made my week, everything felt smooth and well thought out.",positive
"To be fair, Middle of the road book, I have mixed feelings about it.",neutral
"In my opinion, Never again, this was hands down one of my worst experiences this year.",negative
"To be fair, This made my week, everything felt smooth and well thought out.",positive
"Overall, Such a letdown, expected way more and got almost nothing in return.",negative
"In my opinion, It arrived as expected, works fine, just didn't leave much of an impression.",neutral
"In my opinion, Couldn't have asked for a better experience, staff and quality were amazing.",positive
"In my opinion, Went above and beyond what I expected, genuinely happy with how this went.",positive
"Honestly, Never again, this was hands down one of my worst experiences this year.",negative
"In my opinion, Average at best, wouldn't go out of my way to try it again soon.",neutral
"To be fair, The delivery was okay, nothing more nothing less.",neutral
"In my opinion, The camera was okay, nothing more nothing less.",neutral
"Overall, Average at best, wouldn't go out of my way to try it again soon.",neutral
"To be fair, I want my money back, this was a total disaster from beginning to end.",negative
"Couldn't have asked for a better experience, staff and quality were amazing.",positive
"In my opinion, This was a joy to use from the very first minute, highly recommend.",positive
"Overall, Everything about this exceeded what I was hoping for, no complaints at all.",positive
"Overall, Some parts were good, some were a bit lacking, evens out overall.",neutral
"Overall, The headphones broke almost immediately, very frustrating.",negative
"Overall, It arrived as expected, works fine, just didn't leave much of an impression.",neutral
"In my opinion, Such a pleasant experience with this software, I'm coming back for more.",positive
"Overall, Some parts were good, some were a bit lacking, evens out overall.",neutral
"To be fair, Brilliant from beginning to end, one of my favorite experiences this year.",positive
"In my opinion, Average at best, wouldn't go out of my way to try it again soon.",neutral
"In my opinion, Never again, this was hands down one of my worst experiences this year.",negative
"Overall, Fell short in every way imaginable, wouldn't wish this on anyone.",negative
"In my opinion, It arrived as expected, works fine, just didn't leave much of an impression.",neutral
"Overall, The album broke almost immediately, very frustrating.",negative
"Honestly, Fell short in every way imaginable, wouldn't wish this on anyone.",negative
"This was a joy to use from the very first minute, highly recommend.",positive
"It does the job, though I probably wouldn't go out of my way for it again.",neutral
"Honestly, This software made my day, genuinely wonderful.",positive
I can't stop recommending this camera to friends and family.,positive
"Honestly, Pretty standard experience overall, nothing that really stood out either way.",neutral
"In my opinion, I absolutely loved this laptop, it exceeded every expectation.",positive
"In my opinion, Awful experience, the delivery didn't work as advertised at all.",negative
"To be fair, It does the job, though I probably wouldn't go out of my way for it again.",neutral
"Overall, It's fine for casual use, though I wouldn't call it exceptional by any means.",neutral
"In my opinion, Everything went wrong from the start, honestly regret the whole thing.",negative
"In my opinion, What a fantastic phone, it just works and works well.",positive
"In my opinion, Everything felt cheap and rushed, deeply disappointing given the price.",negative
"To be fair, The phone does what it's supposed to, nothing stood out.",neutral
"Overall, The app broke almost immediately, very frustrating.",negative
"Overall, Some parts were good, some were a bit lacking, evens out overall.",neutral
"To be fair, Superb quality, the game felt carefully made and thoughtful.",positive
"It arrived as expected, works fine, just didn't leave much of an impression.",neutral
"In my opinion, Waste of time and money, this phone was a huge disappointment.",negative
"Overall, I had high hopes but the movie let me down badly.",negative
"Overall, The product arrived on time, packaging was standard.",neutral
"Honestly, This laptop was fantastic from start to finish.",positive
"Got the job done without any drama, but nothing to write home about.",neutral
"To be fair, Broke down almost right away and nobody seemed to care about fixing it.",negative
"Somewhere in the middle for me, has its ups and downs like most things.",neutral
"To be fair, Completely underwhelmed, the whole thing felt rushed and cheaply put together.",negative
"To be fair, Can't believe how good this turned out, best decision I made all week.",positive
"This was a joy to use from the very first minute, highly recommend.",positive
"Overall, This album was fantastic from start to finish.",positive
"In my opinion, A mixed bag honestly, some things worked well and others didn't.",neutral
"In my opinion, It's a fairly ordinary movie, similar to others in this category.",neutral
"The product blew me away, everything about it felt top notch.",positive
"In my opinion, It's fine for casual use, though I wouldn't call it exceptional by any means.",neutral
"Overall, Superb quality, the course felt carefully made and thoughtful.",positive
"To be fair, Somewhere in the middle for me, has its ups and downs like most things.",neutral
"In my opinion, Reasonable for what it is, though there's plenty of room to improve.",neutral
"The product broke almost immediately, very frustrating.",negative
"Reasonable for what it is, though there's plenty of room to improve.",neutral
"In my opinion, The service was okay, nothing more nothing less.",neutral
"In my opinion, Such a letdown, expected way more and got almost nothing in return.",negative
"Not worth the price, the album is poorly made.",negative
"Couldn't have asked for a better experience, staff and quality were amazing.",positive
"Everything felt cheap and rushed, deeply disappointing given the price.",negative
"To be fair, Somewhere in the middle for me, has its ups and downs like most things.",neutral
Honestly one of the best products I've come across in a long time.,positive
"Would not recommend this book to anyone, complete letdown.",negative
"Overall, I want my money back, this was a total disaster from beginning to end.",negative
"In my opinion, Brilliant from beginning to end, one of my favorite experiences this year.",positive
