movie_id,title,genres,description,year
1,Golden Empire (1986),Comedy|Musical,"When everything falls apart, a hero must rely on courage in this comedy story.",1986
2,Forgotten Legacy (1994),Action|Musical|Adventure,"When everything falls apart, a hero must rely on courage in this action story.",1994
3,Silver Echo (2025),Horror,"When everything falls apart, a hero must rely on courage in this horror story.",2025
4,Forgotten Symphony (1980),Fantasy|Mystery,A fantasy mystery that blends heart-pounding moments with deep emotion.,1980
5,Hidden Symphony (2001),Crime|Animation,"When everything falls apart, a hero must rely on courage in this crime story.",2001
6,Golden Legacy (1996),Adventure|Documentary|War,"A documentary that explores love, loss and redemption through a adventure lens.",1996
7,Silent Rebellion (1985),Musical,"In a world on the edge, an unlikely alliance sparks a musical adventure.",1985
8,Forgotten Star (1982),Mystery|Comedy,A gripping tale of mystery and comedy set against an unforgettable backdrop.,1982
9,Crimson Star (1986),War,"When everything falls apart, a hero must rely on courage in this war story.",1986
10,Secret War (2003),Romance|War|Documentary,"When everything falls apart, a hero must rely on courage in this romance story.",2003
11,Midnight City (2018),Sci-Fi|Romance,A gripping tale of sci-fi and romance set against an unforgettable backdrop.,2018
12,Hidden Labyrinth (1997),Animation|Fantasy,"In a world on the edge, an unlikely alliance sparks a animation adventure.",1997
13,Forgotten Dream (1994),War|Thriller,A gripping tale of war and thriller set against an unforgettable backdrop.,1994
14,Silent Garden (2025),Crime|Adventure|Comedy,"A adventure that explores love, loss and redemption through a crime lens.",2025
15,Frozen City (1996),Drama|Romance|Fantasy,"When everything falls apart, a hero must rely on courage in this drama story.",1996
16,Last Dream (2017),Sci-Fi|Mystery,"In a world on the edge, an unlikely alliance sparks a sci-fi adventure.",2017
17,Secret River (1985),Animation|Horror,"In a world on the edge, an unlikely alliance sparks a animation adventure.",1985
18,Silent Journey (2018),Romance|Animation,"In a world on the edge, an unlikely alliance sparks a romance adventure.",2018
19,Broken Prophecy (2015),Mystery|Fantasy|Horror,A mystery fantasy that blends heart-pounding moments with deep emotion.,2015
20,Shadow Journey (1987),Thriller|Romance,A thriller romance that blends heart-pounding moments with deep emotion.,1987
21,Rising Symphony (2012),Fantasy|Action,A fantasy action that blends heart-pounding moments with deep emotion.,2012
22,Hidden Mirror (2020),War,A war war that blends heart-pounding moments with deep emotion.,2020
23,Eternal Kingdom (2013),Thriller|Animation,"A animation that explores love, loss and redemption through a thriller lens.",2013
24,Shadow Echo (2003),Fantasy|Action,A gripping tale of fantasy and action set against an unforgettable backdrop.,2003
25,Rising Dream (1985),Comedy,"A comedy that explores love, loss and redemption through a comedy lens.",1985
26,Broken Voyage (1988),Thriller,"A thriller that explores love, loss and redemption through a thriller lens.",1988
27,Last Voyage (2007),Crime|Horror,"A horror that explores love, loss and redemption through a crime lens.",2007
28,Eternal Labyrinth (2022),Sci-Fi|Crime,"In a world on the edge, an unlikely alliance sparks a sci-fi adventure.",2022
29,Midnight Rebellion (2001),Adventure|Comedy|War,A gripping tale of adventure and comedy set against an unforgettable backdrop.,2001
30,Shadow Harbor (1984),Mystery|Comedy,A gripping tale of mystery and comedy set against an unforgettable backdrop.,1984
31,Silent Dream (2001),Musical,A gripping tale of musical and musical set against an unforgettable backdrop.,2001
32,Broken Mirror (1993),Crime|Romance,"In a world on the edge, an unlikely alliance sparks a crime adventure.",1993
33,Forgotten Kingdom (1992),Comedy|Thriller|Fantasy,"In a world on the edge, an unlikely alliance sparks a comedy adventure.",1992
34,Golden Journey (1983),Documentary|Drama|War,"In a world on the edge, an unlikely alliance sparks a documentary adventure.",1983
35,Golden Horizon (1995),Sci-Fi|Documentary|Thriller,A gripping tale of sci-fi and documentary set against an unforgettable backdrop.,1995
36,Eternal City (2009),Animation|Drama|Musical,A animation drama that blends heart-pounding moments with deep emotion.,2009
37,Crimson Legacy (1983),Thriller|War|Horror,A gripping tale of thriller and war set against an unforgettable backdrop.,1983
38,Forgotten Empire (1990),Musical,"When everything falls apart, a hero must rely on courage in this musical story.",1990
39,Distant Voyage (1990),Comedy|War|Drama,A gripping tale of comedy and war set against an unforgettable backdrop.,1990
40,Secret Empire (1998),Crime|Thriller|War,"In a world on the edge, an unlikely alliance sparks a crime adventure.",1998
41,Distant Labyrinth (1983),Animation|Comedy|Crime,"When everything falls apart, a hero must rely on courage in this animation story.",1983
42,Endless Labyrinth (1983),Sci-Fi,A sci-fi sci-fi that blends heart-pounding moments with deep emotion.,1983
43,Silent Harbor (1983),Horror|War|Musical,"When everything falls apart, a hero must rely on courage in this horror story.",1983
44,Silver Legacy (2023),Adventure|Mystery,A gripping tale of adventure and mystery set against an unforgettable backdrop.,2023
45,Crimson Prophecy (1995),Musical,"A musical that explores love, loss and redemption through a musical lens.",1995
46,Endless Echo (2006),Mystery,A gripping tale of mystery and mystery set against an unforgettable backdrop.,2006
47,Endless Harbor (2022),Musical|Crime,"When everything falls apart, a hero must rely on courage in this musical story.",2022
48,Frozen Dream (2009),Drama|Animation,A drama animation that blends heart-pounding moments with deep emotion.,2009
49,Frozen Legacy (2016),Fantasy,"A fantasy that explores love, loss and redemption through a fantasy lens.",2016
50,Forgotten City (1995),Animation|Documentary,A gripping tale of animation and documentary set against an unforgettable backdrop.,1995
51,Midnight Star (2025),Fantasy|War,"A war that explores love, loss and redemption through a fantasy lens.",2025
52,Rising Echo (1999),Romance,"A romance that explores love, loss and redemption through a romance lens.",1999
53,Golden Kingdom (1989),Adventure|Musical,"A musical that explores love, loss and redemption through a adventure lens.",1989
54,Lost Star (2023),Sci-Fi|Documentary,"When everything falls apart, a hero must rely on courage in this sci-fi story.",2023
55,Lost Mirror (2020),Crime|War|Action,A gripping tale of crime and war set against an unforgettable backdrop.,2020
56,Distant War (1988),Action,A action action that blends heart-pounding moments with deep emotion.,1988
57,Lost Storm (1980),Horror|Sci-Fi|Drama,"A sci-fi that explores love, loss and redemption through a horror lens.",1980
58,Last Labyrinth (2017),War,A war war that blends heart-pounding moments with deep emotion.,2017
59,Distant Kingdom (1982),Crime,A crime crime that blends heart-pounding moments with deep emotion.,1982
60,Crimson Journey (2019),Thriller|Horror,"In a world on the edge, an unlikely alliance sparks a thriller adventure.",2019
61,Hidden Storm (2006),Action|Animation|Sci-Fi,A action animation that blends heart-pounding moments with deep emotion.,2006
62,Crimson War (2004),Thriller|Sci-Fi,A gripping tale of thriller and sci-fi set against an unforgettable backdrop.,2004
63,Silent Voyage (2002),Comedy|War,"In a world on the edge, an unlikely alliance sparks a comedy adventure.",2002
64,Crimson Empire (1984),Drama|Documentary,A drama documentary that blends heart-pounding moments with deep emotion.,1984
65,Lost River (1981),Romance|War|Horror,A romance war that blends heart-pounding moments with deep emotion.,1981
66,Golden War (1986),Mystery|Crime,A gripping tale of mystery and crime set against an unforgettable backdrop.,1986
67,Wild Symphony (2007),Sci-Fi|Thriller,A sci-fi thriller that blends heart-pounding moments with deep emotion.,2007
68,Wild Mirror (1992),Drama,"A drama that explores love, loss and redemption through a drama lens.",1992
69,Lost Horizon (2023),Action|Horror|Thriller,"A horror that explores love, loss and redemption through a action lens.",2023
70,Eternal River (2000),Adventure|Romance|Documentary,"A romance that explores love, loss and redemption through a adventure lens.",2000
71,Golden Star (2005),Romance|Drama,A romance drama that blends heart-pounding moments with deep emotion.,2005
72,Rising Labyrinth (2023),Comedy|Drama,"In a world on the edge, an unlikely alliance sparks a comedy adventure.",2023
73,Hidden Echo (1999),Drama|Horror,A gripping tale of drama and horror set against an unforgettable backdrop.,1999
74,Rising City (2009),Thriller|Mystery|War,A thriller mystery that blends heart-pounding moments with deep emotion.,2009
75,Ancient Rebellion (2022),Horror|Fantasy,"When everything falls apart, a hero must rely on courage in this horror story.",2022
76,Broken Star (2023),Adventure|War,"When everything falls apart, a hero must rely on courage in this adventure story.",2023
77,Shadow Horizon (2009),Fantasy|Mystery,A gripping tale of fantasy and mystery set against an unforgettable backdrop.,2009
78,Distant Harbor (2011),Sci-Fi|Musical,"In a world on the edge, an unlikely alliance sparks a sci-fi adventure.",2011
79,Secret Dream (1986),Romance|Sci-Fi,A gripping tale of romance and sci-fi set against an unforgettable backdrop.,1986
80,Distant Dream (2009),Thriller|Sci-Fi,"A sci-fi that explores love, loss and redemption through a thriller lens.",2009
81,Silent Labyrinth (2009),Musical|War,A gripping tale of musical and war set against an unforgettable backdrop.,2009
82,Last Rebellion (2012),Thriller|Fantasy,"A fantasy that explores love, loss and redemption through a thriller lens.",2012
83,Ancient Storm (2020),Fantasy|Crime|Thriller,"When everything falls apart, a hero must rely on courage in this fantasy story.",2020
84,Burning Dream (1995),Fantasy|Adventure,A fantasy adventure that blends heart-pounding moments with deep emotion.,1995
85,Lost Garden (1988),Musical|Horror,A gripping tale of musical and horror set against an unforgettable backdrop.,1988
86,Secret Kingdom (2001),Adventure|Drama,"In a world on the edge, an unlikely alliance sparks a adventure adventure.",2001
87,Forgotten Rebellion (2017),Action|Comedy|Drama,"In a world on the edge, an unlikely alliance sparks a action adventure.",2017
88,Secret Voyage (2004),Documentary,A documentary documentary that blends heart-pounding moments with deep emotion.,2004
89,Forgotten Echo (2007),Fantasy|Comedy,A fantasy comedy that blends heart-pounding moments with deep emotion.,2007
90,Burning Empire (1990),Documentary|Romance|War,"In a world on the edge, an unlikely alliance sparks a documentary adventure.",1990
91,Ancient Kingdom (2017),Musical,"In a world on the edge, an unlikely alliance sparks a musical adventure.",2017
92,Endless Empire (1988),Romance,"In a world on the edge, an unlikely alliance sparks a romance adventure.",1988
93,Silent War (2001),Documentary|Comedy|Fantasy,A documentary comedy that blends heart-pounding moments with deep emotion.,2001
94,Shadow Labyrinth (2021),Documentary,"When everything falls apart, a hero must rely on courage in this documentary story.",2021
95,Broken Horizon (1981),Comedy,"When everything falls apart, a hero must rely on courage in this comedy story.",1981
96,Wild Kingdom (2016),Animation|Fantasy,A gripping tale of animation and fantasy set against an unforgettable backdrop.,2016
97,Eternal Rebellion (2018),Thriller|Documentary,"When everything falls apart, a hero must rely on courage in this thriller story.",2018
98,Wild Journey (1981),Crime|Adventure,"A adventure that explores love, loss and redemption through a crime lens.",1981
99,Rising Harbor (2017),Drama|Sci-Fi|Comedy,A gripping tale of drama and sci-fi set against an unforgettable backdrop.,2017
100,Golden Harbor (2007),Documentary,"A documentary that explores love, loss and redemption through a documentary lens.",2007
101,Midnight Legacy (2011),Action|War,"In a world on the edge, an unlikely alliance sparks a action adventure.",2011
102,Golden Symphony (2025),Romance|War,"In a world on the edge, an unlikely alliance sparks a romance adventure.",2025
103,Last Symphony (2019),Sci-Fi|Horror,A sci-fi horror that blends heart-pounding moments with deep emotion.,2019
104,Forgotten Voyage (1997),Drama|War|Sci-Fi,"A war that explores love, loss and redemption through a drama lens.",1997
105,Broken War (2019),Comedy|Thriller|Fantasy,"A thriller that explores love, loss and redemption through a comedy lens.",2019
106,Secret Garden (1991),Fantasy,A fantasy fantasy that blends heart-pounding moments with deep emotion.,1991
107,Burning City (1997),Thriller|Crime,A thriller crime that blends heart-pounding moments with deep emotion.,1997
108,Wild War (1985),Horror,"When everything falls apart, a hero must rely on courage in this horror story.",1985
109,Crimson Symphony (2021),Horror|Thriller|Comedy,"In a world on the edge, an unlikely alliance sparks a horror adventure.",2021
110,Burning Rebellion (1994),Adventure,A adventure adventure that blends heart-pounding moments with deep emotion.,1994
111,Midnight Voyage (2001),Drama|Sci-Fi,"A sci-fi that explores love, loss and redemption through a drama lens.",2001
112,Lost Dream (2000),Sci-Fi,"When everything falls apart, a hero must rely on courage in this sci-fi story.",2000
113,Golden Labyrinth (1997),Comedy|Musical,"In a world on the edge, an unlikely alliance sparks a comedy adventure.",1997
114,Endless Mirror (1998),Adventure|War,"When everything falls apart, a hero must rely on courage in this adventure story.",1998
115,Crimson River (1988),Crime|Action,"A action that explores love, loss and redemption through a crime lens.",1988
116,Rising Kingdom (1998),Adventure|War|Action,"A war that explores love, loss and redemption through a adventure lens.",1998
117,Burning Voyage (2010),Documentary|Animation|Action,A documentary animation that blends heart-pounding moments with deep emotion.,2010
118,Broken Harbor (2016),Animation,"When everything falls apart, a hero must rely on courage in this animation story.",2016
119,Rising Legacy (2018),Adventure|Horror,"In a world on the edge, an unlikely alliance sparks a adventure adventure.",2018
120,Wild Echo (2008),Thriller|Horror,"In a world on the edge, an unlikely alliance sparks a thriller adventure.",2008
121,Ancient Star (2019),Crime|Mystery|War,A gripping tale of crime and mystery set against an unforgettable backdrop.,2019
122,Golden City (1990),Crime|Romance,A gripping tale of crime and romance set against an unforgettable backdrop.,1990
123,Crimson Storm (2006),Animation,A gripping tale of animation and animation set against an unforgettable backdrop.,2006
124,Ancient Echo (2025),Crime|Action|Comedy,A crime action that blends heart-pounding moments with deep emotion.,2025
125,Rising Rebellion (1996),Romance,"When everything falls apart, a hero must rely on courage in this romance story.",1996
126,Endless City (1997),Adventure|Horror|Comedy,"When everything falls apart, a hero must rely on courage in this adventure story.",1997
127,Last Legacy (2018),Animation,A animation animation that blends heart-pounding moments with deep emotion.,2018
128,Endless Star (2024),Adventure|Fantasy|Sci-Fi,A adventure fantasy that blends heart-pounding moments with deep emotion.,2024
129,Silver Labyrinth (2007),Fantasy|Adventure|Mystery,A gripping tale of fantasy and adventure set against an unforgettable backdrop.,2007
130,Frozen Echo (2023),Action|Adventure,"When everything falls apart, a hero must rely on courage in this action story.",2023
131,Shadow War (2010),Thriller,"When everything falls apart, a hero must rely on courage in this thriller story.",2010
132,Silver Rebellion (2020),Animation|Mystery,"In a world on the edge, an unlikely alliance sparks a animation adventure.",2020
133,Burning Legacy (2022),Documentary|Drama|Musical,A documentary drama that blends heart-pounding moments with deep emotion.,2022
134,Golden Storm (1998),Drama|Sci-Fi,"In a world on the edge, an unlikely alliance sparks a drama adventure.",1998
135,Secret Labyrinth (2000),Fantasy,A gripping tale of fantasy and fantasy set against an unforgettable backdrop.,2000
136,Golden Prophecy (2009),Romance,"A romance that explores love, loss and redemption through a romance lens.",2009
137,Distant Horizon (2011),Horror|Documentary,"A documentary that explores love, loss and redemption through a horror lens.",2011
138,Ancient Horizon (1998),Crime|Horror,"When everything falls apart, a hero must rely on courage in this crime story.",1998
139,Ancient Voyage (1995),Action,"A action that explores love, loss and redemption through a action lens.",1995
140,Hidden Star (1985),Horror,"In a world on the edge, an unlikely alliance sparks a horror adventure.",1985
141,Ancient Journey (2012),Fantasy|Sci-Fi,A fantasy sci-fi that blends heart-pounding moments with deep emotion.,2012
142,Lost Symphony (1989),Fantasy|Comedy|Musical,"A comedy that explores love, loss and redemption through a fantasy lens.",1989
143,Secret City (2006),War|Adventure,A war adventure that blends heart-pounding moments with deep emotion.,2006
144,Frozen Mirror (1999),War|Action,A war action that blends heart-pounding moments with deep emotion.,1999
145,Burning Kingdom (2015),Horror|Fantasy|Documentary,A horror fantasy that blends heart-pounding moments with deep emotion.,2015
146,Forgotten Prophecy (2016),Musical|Documentary|Comedy,"When everything falls apart, a hero must rely on courage in this musical story.",2016
147,Frozen Voyage (2011),Drama|Romance|Thriller,"When everything falls apart, a hero must rely on courage in this drama story.",2011
148,Silent Kingdom (1986),War|Adventure,"In a world on the edge, an unlikely alliance sparks a war adventure.",1986
149,Shadow Kingdom (2010),War|Romance|Animation,A gripping tale of war and romance set against an unforgettable backdrop.,2010
150,Wild Prophecy (2023),War,A war war that blends heart-pounding moments with deep emotion.,2023
151,Forgotten Horizon (1994),Comedy,A comedy comedy that blends heart-pounding moments with deep emotion.,1994
152,Broken Symphony (2008),Thriller,A gripping tale of thriller and thriller set against an unforgettable backdrop.,2008
153,Frozen Horizon (1989),Documentary|Musical,"In a world on the edge, an unlikely alliance sparks a documentary adventure.",1989
154,Crimson Mirror (1990),Mystery|Romance|Thriller,"When everything falls apart, a hero must rely on courage in this mystery story.",1990
155,Hidden Legacy (2017),Mystery|Romance|Comedy,"In a world on the edge, an unlikely alliance sparks a mystery adventure.",2017
156,Ancient War (1998),Crime|Romance|Action,"In a world on the edge, an unlikely alliance sparks a crime adventure.",1998
157,Forgotten Storm (2017),Fantasy,A fantasy fantasy that blends heart-pounding moments with deep emotion.,2017
158,Lost Rebellion (1986),Comedy|Drama,"In a world on the edge, an unlikely alliance sparks a comedy adventure.",1986
159,Endless River (2022),Sci-Fi|Crime,A gripping tale of sci-fi and crime set against an unforgettable backdrop.,2022
160,Silent Echo (2018),War|Crime|Thriller,"When everything falls apart, a hero must rely on courage in this war story.",2018
161,Midnight Dream (2020),Mystery|Crime,"When everything falls apart, a hero must rely on courage in this mystery story.",2020
162,Midnight Kingdom (2000),Musical,A musical musical that blends heart-pounding moments with deep emotion.,2000
163,Distant Storm (2003),Animation|Thriller,"A thriller that explores love, loss and redemption through a animation lens.",2003
164,Silver Mirror (2010),War|Animation,A war animation that blends heart-pounding moments with deep emotion.,2010
165,Rising Garden (1989),Fantasy,A gripping tale of fantasy and fantasy set against an unforgettable backdrop.,1989
166,Forgotten River (1980),Thriller,"In a world on the edge, an unlikely alliance sparks a thriller adventure.",1980
167,Lost Labyrinth (2023),Fantasy,A fantasy fantasy that blends heart-pounding moments with deep emotion.,2023
168,Lost Harbor (2023),War|Romance|Documentary,A gripping tale of war and romance set against an unforgettable backdrop.,2023
169,Crimson Voyage (2000),Mystery,"A mystery that explores love, loss and redemption through a mystery lens.",2000
170,Wild Dream (2024),Romance,"In a world on the edge, an unlikely alliance sparks a romance adventure.",2024
171,Silent Horizon (1995),Fantasy|Adventure,A gripping tale of fantasy and adventure set against an unforgettable backdrop.,1995
172,Secret Rebellion (2006),Romance|Sci-Fi,"A sci-fi that explores love, loss and redemption through a romance lens.",2006
173,Endless Kingdom (2006),Romance|Adventure|Fantasy,"A adventure that explores love, loss and redemption through a romance lens.",2006
174,Golden River (1992),Action|Drama,A action drama that blends heart-pounding moments with deep emotion.,1992
175,Golden Rebellion (2021),Romance,"When everything falls apart, a hero must rely on courage in this romance story.",2021
176,Wild Empire (1995),Thriller,A thriller thriller that blends heart-pounding moments with deep emotion.,1995
177,Last Harbor (1993),Adventure|War,"A war that explores love, loss and redemption through a adventure lens.",1993
178,Crimson Garden (1997),Thriller|Mystery,A gripping tale of thriller and mystery set against an unforgettable backdrop.,1997
179,Last Kingdom (2022),Thriller|Animation,A gripping tale of thriller and animation set against an unforgettable backdrop.,2022
180,Shadow River (1991),Mystery|Documentary,A gripping tale of mystery and documentary set against an unforgettable backdrop.,1991
181,Silver Journey (2003),Fantasy,"In a world on the edge, an unlikely alliance sparks a fantasy adventure.",2003
182,Silver Harbor (1994),Fantasy,"A fantasy that explores love, loss and redemption through a fantasy lens.",1994
183,Wild Horizon (1983),Fantasy|Romance,A gripping tale of fantasy and romance set against an unforgettable backdrop.,1983
184,Burning Prophecy (1984),Romance|Adventure|Fantasy,"In a world on the edge, an unlikely alliance sparks a romance adventure.",1984
185,Broken Garden (2019),Adventure|Animation,A adventure animation that blends heart-pounding moments with deep emotion.,2019
186,Frozen Prophecy (2007),Fantasy|Horror,"A horror that explores love, loss and redemption through a fantasy lens.",2007
187,Distant Rebellion (2005),Drama|Documentary,"In a world on the edge, an unlikely alliance sparks a drama adventure.",2005
188,Distant Journey (2003),Drama|Documentary,A drama documentary that blends heart-pounding moments with deep emotion.,2003
189,Broken Legacy (1986),Adventure,"In a world on the edge, an unlikely alliance sparks a adventure adventure.",1986
190,Forgotten Garden (2022),Drama,A drama drama that blends heart-pounding moments with deep emotion.,2022
191,Rising River (1993),Mystery,"A mystery that explores love, loss and redemption through a mystery lens.",1993
192,Midnight Labyrinth (2016),Adventure|Thriller,A adventure thriller that blends heart-pounding moments with deep emotion.,2016
193,Wild Labyrinth (1981),Mystery,A mystery mystery that blends heart-pounding moments with deep emotion.,1981
194,Hidden War (1980),Musical|Documentary,A musical documentary that blends heart-pounding moments with deep emotion.,1980
195,Hidden Kingdom (1985),Adventure|Animation|Sci-Fi,A gripping tale of adventure and animation set against an unforgettable backdrop.,1985
196,Silver City (2003),Drama|Fantasy|Documentary,"When everything falls apart, a hero must rely on courage in this drama story.",2003
197,Last Storm (1997),Romance,A gripping tale of romance and romance set against an unforgettable backdrop.,1997
198,Ancient Symphony (1993),Mystery|Fantasy|Drama,A mystery fantasy that blends heart-pounding moments with deep emotion.,1993
199,Midnight Symphony (2011),Crime,"A crime that explores love, loss and redemption through a crime lens.",2011
200,Silver Star (2018),Comedy,"In a world on the edge, an unlikely alliance sparks a comedy adventure.",2018
201,Silent Empire (1996),Crime|Comedy,"When everything falls apart, a hero must rely on courage in this crime story.",1996
202,Burning Symphony (2025),Animation|Drama,"A drama that explores love, loss and redemption through a animation lens.",2025
203,Silent Symphony (2000),Fantasy,A gripping tale of fantasy and fantasy set against an unforgettable backdrop.,2000
204,Endless Symphony (1987),Sci-Fi|Romance|Drama,A sci-fi romance that blends heart-pounding moments with deep emotion.,1987
205,Frozen Storm (2007),War|Sci-Fi|Documentary,A gripping tale of war and sci-fi set against an unforgettable backdrop.,2007
206,Golden Dream (2005),Mystery|Drama|Horror,A gripping tale of mystery and drama set against an unforgettable backdrop.,2005
207,Last War (2021),Animation|Mystery,"When everything falls apart, a hero must rely on courage in this animation story.",2021
208,Broken Storm (2008),Fantasy|Thriller|Mystery,"A thriller that explores love, loss and redemption through a fantasy lens.",2008
209,Frozen Garden (2008),Fantasy|Adventure,"In a world on the edge, an unlikely alliance sparks a fantasy adventure.",2008
210,Rising War (1984),Documentary,"A documentary that explores love, loss and redemption through a documentary lens.",1984
211,Silent River (2019),Adventure|Romance,A gripping tale of adventure and romance set against an unforgettable backdrop.,2019
212,Burning Mirror (2001),Action|Fantasy,A gripping tale of action and fantasy set against an unforgettable backdrop.,2001
213,Hidden Horizon (2013),Sci-Fi|Fantasy,"In a world on the edge, an unlikely alliance sparks a sci-fi adventure.",2013
214,Hidden River (2006),Musical|Crime,"In a world on the edge, an unlikely alliance sparks a musical adventure.",2006
215,Secret Star (1989),Sci-Fi|War,"A war that explores love, loss and redemption through a sci-fi lens.",1989
216,Wild Legacy (1988),Horror|Drama,A horror drama that blends heart-pounding moments with deep emotion.,1988
217,Distant Mirror (1991),Action|Documentary,A action documentary that blends heart-pounding moments with deep emotion.,1991
218,Eternal Garden (1984),Comedy|Musical|Animation,"When everything falls apart, a hero must rely on courage in this comedy story.",1984
219,Rising Journey (2019),Romance,A romance romance that blends heart-pounding moments with deep emotion.,2019
220,Last Echo (1990),Animation|Musical|War,"A musical that explores love, loss and redemption through a animation lens.",1990
221,Distant River (2008),Fantasy|Mystery,A fantasy mystery that blends heart-pounding moments with deep emotion.,2008
222,Crimson Labyrinth (1992),Crime|Thriller,"In a world on the edge, an unlikely alliance sparks a crime adventure.",1992
223,Midnight Harbor (2012),Fantasy|Thriller|Crime,"In a world on the edge, an unlikely alliance sparks a fantasy adventure.",2012
224,Silver Symphony (1988),War|Comedy,"A comedy that explores love, loss and redemption through a war lens.",1988
225,Burning River (1987),Sci-Fi,"A sci-fi that explores love, loss and redemption through a sci-fi lens.",1987
226,Ancient Mirror (1994),War|Drama,A gripping tale of war and drama set against an unforgettable backdrop.,1994
227,Ancient River (2005),Drama,A gripping tale of drama and drama set against an unforgettable backdrop.,2005
228,Silver River (1994),Drama|Adventure,A drama adventure that blends heart-pounding moments with deep emotion.,1994
229,Shadow Garden (1989),War,A war war that blends heart-pounding moments with deep emotion.,1989
230,Last Horizon (2024),Musical|War,"In a world on the edge, an unlikely alliance sparks a musical adventure.",2024
231,Shadow Legacy (1989),Crime,"When everything falls apart, a hero must rely on courage in this crime story.",1989
232,Wild Rebellion (2018),Adventure,"In a world on the edge, an unlikely alliance sparks a adventure adventure.",2018
233,Crimson Kingdom (2002),Drama|Action,"A action that explores love, loss and redemption through a drama lens.",2002
234,Crimson Harbor (2013),Animation|Romance|War,A gripping tale of animation and romance set against an unforgettable backdrop.,2013
235,Silent Prophecy (2002),Crime|Sci-Fi,A gripping tale of crime and sci-fi set against an unforgettable backdrop.,2002
236,Broken River (2017),Sci-Fi|Romance,A gripping tale of sci-fi and romance set against an unforgettable backdrop.,2017
237,Frozen Kingdom (2001),Documentary,"A documentary that explores love, loss and redemption through a documentary lens.",2001
238,Hidden Rebellion (1984),Romance|Animation|Thriller,"When everything falls apart, a hero must rely on courage in this romance story.",1984
239,Silent City (2012),Documentary,A documentary documentary that blends heart-pounding moments with deep emotion.,2012
240,Burning War (1998),Thriller,"When everything falls apart, a hero must rely on courage in this thriller story.",1998
241,Midnight Horizon (2007),Crime|Adventure,A crime adventure that blends heart-pounding moments with deep emotion.,2007
242,Hidden Voyage (1985),Documentary|Thriller|Horror,A documentary thriller that blends heart-pounding moments with deep emotion.,1985
243,Distant Legacy (1998),Mystery|War|Animation,"A war that explores love, loss and redemption through a mystery lens.",1998
244,Frozen Journey (1999),Documentary,A documentary documentary that blends heart-pounding moments with deep emotion.,1999
245,Midnight Echo (1984),Crime|Romance|Thriller,A gripping tale of crime and romance set against an unforgettable backdrop.,1984
246,Silver Storm (2023),Animation,"A animation that explores love, loss and redemption through a animation lens.",2023
247,Midnight Prophecy (2023),Mystery,"When everything falls apart, a hero must rely on courage in this mystery story.",2023
248,Last Mirror (1995),Drama|Documentary,A drama documentary that blends heart-pounding moments with deep emotion.,1995
249,Silver Prophecy (2025),Crime,A crime crime that blends heart-pounding moments with deep emotion.,2025
250,Ancient City (1987),Sci-Fi|Fantasy,"When everything falls apart, a hero must rely on courage in this sci-fi story.",1987
251,Ancient Legacy (2015),Romance|Documentary,A gripping tale of romance and documentary set against an unforgettable backdrop.,2015
252,Rising Storm (1994),Thriller|Documentary,"A documentary that explores love, loss and redemption through a thriller lens.",1994
253,Ancient Labyrinth (1999),Mystery|Adventure,A gripping tale of mystery and adventure set against an unforgettable backdrop.,1999
254,Broken Kingdom (2009),Romance|Adventure,"In a world on the edge, an unlikely alliance sparks a romance adventure.",2009
255,Endless Storm (1987),Drama|Horror,A gripping tale of drama and horror set against an unforgettable backdrop.,1987
256,Silver Kingdom (2025),Animation|Musical,A animation musical that blends heart-pounding moments with deep emotion.,2025
257,Lost Kingdom (2012),Mystery|Horror,A gripping tale of mystery and horror set against an unforgettable backdrop.,2012
258,Hidden Harbor (2018),Animation|Romance,"A romance that explores love, loss and redemption through a animation lens.",2018
259,Frozen Harbor (1985),War,A gripping tale of war and war set against an unforgettable backdrop.,1985
260,Lost City (2020),Mystery|Romance|Action,"In a world on the edge, an unlikely alliance sparks a mystery adventure.",2020
261,Rising Voyage (1999),Thriller|Musical,"In a world on the edge, an unlikely alliance sparks a thriller adventure.",1999
262,Silent Storm (2001),Drama|Fantasy|War,"When everything falls apart, a hero must rely on courage in this drama story.",2001
263,Last River (2009),Documentary,"When everything falls apart, a hero must rely on courage in this documentary story.",2009
264,Ancient Dream (2004),Adventure|Action,A adventure action that blends heart-pounding moments with deep emotion.,2004
265,Burning Star (2009),Action|Adventure|Drama,"A adventure that explores love, loss and redemption through a action lens.",2009
266,Crimson City (2011),Action|Musical,A action musical that blends heart-pounding moments with deep emotion.,2011
267,Wild Voyage (2007),Horror|Action,A gripping tale of horror and action set against an unforgettable backdrop.,2007
268,Secret Horizon (1984),Documentary|Horror,A documentary horror that blends heart-pounding moments with deep emotion.,1984
269,Secret Mirror (2023),Thriller|Horror|Crime,"A horror that explores love, loss and redemption through a thriller lens.",2023
270,Last Journey (2003),Documentary|Thriller|Musical,"A thriller that explores love, loss and redemption through a documentary lens.",2003
271,Last City (1988),Horror|Action|War,A gripping tale of horror and action set against an unforgettable backdrop.,1988
272,Secret Echo (2012),Mystery|Documentary,"A documentary that explores love, loss and redemption through a mystery lens.",2012
273,Midnight Garden (1999),Drama,"A drama that explores love, loss and redemption through a drama lens.",1999
274,Crimson Horizon (2004),Animation|Horror|Romance,"A horror that explores love, loss and redemption through a animation lens.",2004
275,Shadow Rebellion (2024),Drama|Animation,"In a world on the edge, an unlikely alliance sparks a drama adventure.",2024
276,Eternal Symphony (2025),War|Musical|Sci-Fi,A gripping tale of war and musical set against an unforgettable backdrop.,2025
277,Frozen Labyrinth (2019),Romance|Thriller,A romance thriller that blends heart-pounding moments with deep emotion.,2019
278,Burning Garden (1998),Documentary|Horror|Thriller,A documentary horror that blends heart-pounding moments with deep emotion.,1998
279,Last Star (2002),Crime,A gripping tale of crime and crime set against an unforgettable backdrop.,2002
280,Golden Echo (1994),Comedy|Action,"A action that explores love, loss and redemption through a comedy lens.",1994
281,Eternal Star (1985),Crime|Romance,A gripping tale of crime and romance set against an unforgettable backdrop.,1985
282,Endless Dream (2006),Musical,"When everything falls apart, a hero must rely on courage in this musical story.",2006
283,Frozen Star (1988),Romance|Horror|War,"In a world on the edge, an unlikely alliance sparks a romance adventure.",1988
284,Golden Garden (2025),Sci-Fi|Fantasy,A sci-fi fantasy that blends heart-pounding moments with deep emotion.,2025
285,Hidden Empire (2023),Thriller|Crime,"A crime that explores love, loss and redemption through a thriller lens.",2023
286,Eternal Storm (1985),War|Drama|Horror,A war drama that blends heart-pounding moments with deep emotion.,1985
287,Secret Journey (1995),Animation|Fantasy,A animation fantasy that blends heart-pounding moments with deep emotion.,1995
288,Hidden Prophecy (2003),Sci-Fi|Adventure,A sci-fi adventure that blends heart-pounding moments with deep emotion.,2003
289,Crimson Echo (2013),Horror,"In a world on the edge, an unlikely alliance sparks a horror adventure.",2013
290,Endless Journey (2012),War,"A war that explores love, loss and redemption through a war lens.",2012
291,Eternal Harbor (2008),Animation|Documentary,"A documentary that explores love, loss and redemption through a animation lens.",2008
292,Endless Voyage (2008),Musical,"A musical that explores love, loss and redemption through a musical lens.",2008
293,Endless Horizon (2005),Romance|Thriller|Crime,A gripping tale of romance and thriller set against an unforgettable backdrop.,2005
294,Lost Empire (2007),Mystery|Adventure,A gripping tale of mystery and adventure set against an unforgettable backdrop.,2007
295,Silent Star (2003),Animation|Thriller|Musical,"In a world on the edge, an unlikely alliance sparks a animation adventure.",2003
296,Secret Prophecy (1988),Romance,"A romance that explores love, loss and redemption through a romance lens.",1988
297,Midnight Journey (1988),Horror|Drama,"A drama that explores love, loss and redemption through a horror lens.",1988
298,Shadow Star (2014),Romance|Sci-Fi|Horror,"In a world on the edge, an unlikely alliance sparks a romance adventure.",2014
299,Crimson Rebellion (1987),Animation|Crime,"When everything falls apart, a hero must rely on courage in this animation story.",1987
300,Broken Journey (2023),Fantasy,"A fantasy that explores love, loss and redemption through a fantasy lens.",2023
